game_id	section_id	team_id	team_name	team_url	period_scores
3941281	0	30123	Academy of Art	http://stats.ncaa.org/team/index/12280?org_id=30123	[17, 8, 15, 15, 55]
3941281	1	790	Winona St.	http://stats.ncaa.org/team/index/12280?org_id=790	[15, 18, 25, 19, 77]
3941357	0	92	Cal St. Dom. Hills	http://stats.ncaa.org/team/index/12280?org_id=92	[14, 24, 15, 8, 61]
3941357	1	11	Alas. Anchorage	http://stats.ncaa.org/team/index/12280?org_id=11	[14, 24, 25, 19, 82]
3943058	0	790	Winona St.	http://stats.ncaa.org/team/index/12280?org_id=790	[26, 9, 13, 18, 66]
3943058	1	92	Cal St. Dom. Hills	http://stats.ncaa.org/team/index/12280?org_id=92	[11, 15, 16, 21, 63]
3943104	0	11	Alas. Anchorage	http://stats.ncaa.org/team/index/12280?org_id=11	[24, 31, 16, 19, 90]
3943104	1	30120	William Jewell	http://stats.ncaa.org/team/index/12280?org_id=30120	[14, 13, 14, 22, 63]
3943116	0	30120	William Jewell	http://stats.ncaa.org/team/index/12280?org_id=30120	[9, 23, 10, 21, 63]
3943116	1	92	Cal St. Dom. Hills	http://stats.ncaa.org/team/index/12280?org_id=92	[12, 16, 22, 18, 68]
3944416	0	11	Alas. Anchorage	http://stats.ncaa.org/team/index/12280?org_id=11	[20, 21, 27, 19, 87]
3944416	1	30123	Academy of Art	http://stats.ncaa.org/team/index/12280?org_id=30123	[20, 18, 22, 22, 82]
3944417	0		New Hope Christian		[10, 13, 15, 10, 48]
3944417	1	11	Alas. Anchorage	http://stats.ncaa.org/team/index/12280?org_id=11	[29, 25, 32, 23, 109]
3945131	0		New Hope Christian		[16, 0, 2, 8, 26]
3945131	1	11	Alas. Anchorage	http://stats.ncaa.org/team/index/12280?org_id=11	[21, 27, 27, 26, 101]
3947631	0	477	NYIT	http://stats.ncaa.org/team/index/12280?org_id=477	[16, 8, 14, 19, 2, 59]
3947631	1	30120	William Jewell	http://stats.ncaa.org/team/index/12280?org_id=30120	[14, 20, 11, 12, 11, 68]
3947640	0	477	NYIT	http://stats.ncaa.org/team/index/12280?org_id=477	[23, 18, 26, 25, 92]
3947640	1	30123	Academy of Art	http://stats.ncaa.org/team/index/12280?org_id=30123	[24, 19, 18, 26, 87]
3947641	0	790	Winona St.	http://stats.ncaa.org/team/index/12280?org_id=790	[14, 17, 18, 24, 73]
3947641	1	477	NYIT	http://stats.ncaa.org/team/index/12280?org_id=477	[15, 12, 10, 12, 49]
3948437	0	9630	West Va. Wesleyan	http://stats.ncaa.org/team/index/12280?org_id=9630	[14, 12, 7, 26, 59]
3948437	1	579	Robert Morris	http://stats.ncaa.org/team/index/12280?org_id=579	[30, 36, 39, 19, 124]
3948473	0	1116	Harding	http://stats.ncaa.org/team/index/12280?org_id=1116	[17, 16, 16, 16, 65]
3948473	1	996	Cameron	http://stats.ncaa.org/team/index/12280?org_id=996	[10, 16, 17, 23, 66]
3948474	0	1013	Charleston (WV)	http://stats.ncaa.org/team/index/12280?org_id=1013	[16, 13, 17, 20, 66]
3948474	1	209	Edinboro	http://stats.ncaa.org/team/index/12280?org_id=209	[25, 18, 22, 17, 82]
3948501	0	358	West Ala.	http://stats.ncaa.org/team/index/12280?org_id=358	[21, 24, 13, 14, 72]
3948501	1	716	Troy	http://stats.ncaa.org/team/index/12280?org_id=716	[26, 31, 22, 24, 103]
3948577	0	613	Saint Michael's	http://stats.ncaa.org/team/index/12280?org_id=613	[10, 21, 8, 14, 53]
3948577	1	638	Shippensburg	http://stats.ncaa.org/team/index/12280?org_id=638	[13, 15, 21, 14, 63]
3948584	0	535	Paine	http://stats.ncaa.org/team/index/12280?org_id=535	[12, 15, 15, 19, 61]
3948584	1	233	Fla. Southern	http://stats.ncaa.org/team/index/12280?org_id=233	[30, 22, 24, 19, 95]
3948627	0	1071	Emporia St.	http://stats.ncaa.org/team/index/12280?org_id=1071	[17, 18, 16, 21, 72]
3948627	1	8744	Southwestern Okla.	http://stats.ncaa.org/team/index/12280?org_id=8744	[11, 16, 13, 23, 63]
3948632	0	309	UIndy	http://stats.ncaa.org/team/index/12280?org_id=309	[9, 17, 11, 7, 44]
3948632	1	30141	Walsh	http://stats.ncaa.org/team/index/12280?org_id=30141	[21, 10, 15, 14, 60]
3948698	0	30051	King (TN)	http://stats.ncaa.org/team/index/12280?org_id=30051	[14, 10, 22, 26, 72]
3948698	1	1199	Mars Hill	http://stats.ncaa.org/team/index/12280?org_id=1199	[13, 14, 13, 10, 50]
3948701	0	30013	Lee	http://stats.ncaa.org/team/index/12280?org_id=30013	[19, 14, 25, 17, 75]
3948701	1	49	Barry	http://stats.ncaa.org/team/index/12280?org_id=49	[11, 23, 9, 7, 50]
3948707	0	30136	Lindenwood (MO)	http://stats.ncaa.org/team/index/12280?org_id=30136	[18, 18, 15, 16, 67]
3948707	1	1433	Wayne St. (NE)	http://stats.ncaa.org/team/index/12280?org_id=1433	[18, 19, 16, 18, 71]
3948714	0	9013	Mo. Western St.	http://stats.ncaa.org/team/index/12280?org_id=9013	[27, 15, 26, 25, 93]
3948714	1	8736	Southwest Minn. St.	http://stats.ncaa.org/team/index/12280?org_id=8736	[20, 17, 16, 8, 61]
3948741	0	65	Bloomsburg	http://stats.ncaa.org/team/index/12280?org_id=65	[16, 16, 17, 27, 76]
3948741	1	470	New Haven	http://stats.ncaa.org/team/index/12280?org_id=470	[31, 13, 12, 16, 72]
3948752	0	130	Central Mo.	http://stats.ncaa.org/team/index/12280?org_id=130	[19, 18, 13, 13, 63]
3948752	1	1274	Northwest Nazarene	http://stats.ncaa.org/team/index/12280?org_id=1274	[22, 14, 18, 34, 88]
3948761	0	929	Adams St.	http://stats.ncaa.org/team/index/12280?org_id=929	[12, 13, 16, 13, 54]
3948761	1	206	Eastern N.M.	http://stats.ncaa.org/team/index/12280?org_id=206	[16, 22, 19, 23, 80]
3948769	0	1289	Ouachita Baptist	http://stats.ncaa.org/team/index/12280?org_id=1289	[15, 20, 16, 27, 78]
3948769	1	356	Lincoln (MO)	http://stats.ncaa.org/team/index/12280?org_id=356	[15, 12, 30, 24, 81]
3948787	0		Hannibal-La Grange		[6, 16, 18, 9, 49]
3948787	1	435	Missouri S&T	http://stats.ncaa.org/team/index/12280?org_id=435	[25, 13, 24, 19, 81]
3948815	0	743	Virginia St.	http://stats.ncaa.org/team/index/12280?org_id=743	[17, 9, 18, 15, 59]
3948815	1	643	Slippery Rock	http://stats.ncaa.org/team/index/12280?org_id=643	[16, 10, 12, 30, 68]
3948826	0	507	Northwest Mo. St.	http://stats.ncaa.org/team/index/12280?org_id=507	[10, 10, 18, 14, 52]
3948826	1	41	Augustana (SD)	http://stats.ncaa.org/team/index/12280?org_id=41	[19, 21, 28, 21, 89]
3948840	0	8875	Chowan	http://stats.ncaa.org/team/index/12280?org_id=8875	[13, 13, 19, 15, 60]
3948840	1	30063	Seton Hill	http://stats.ncaa.org/team/index/12280?org_id=30063	[12, 18, 14, 12, 56]
3948853	0	799	Wis.-Parkside	http://stats.ncaa.org/team/index/12280?org_id=799	[13, 11, 10, 15, 49]
3948853	1	774	Western Mich.	http://stats.ncaa.org/team/index/12280?org_id=774	[19, 5, 14, 18, 56]
3948880	0	174	Davis & Elkins	http://stats.ncaa.org/team/index/12280?org_id=174	[22, 15, 14, 9, 60]
3948880	1	360	Lock Haven	http://stats.ncaa.org/team/index/12280?org_id=360	[13, 24, 8, 20, 65]
3948881	0	15646	Barton	http://stats.ncaa.org/team/index/12280?org_id=15646	[18, 14, 20, 10, 62]
3948881	1	11504	Queens (NC)	http://stats.ncaa.org/team/index/12280?org_id=11504	[16, 23, 13, 23, 75]
3948882	0	1314	Pittsburg St.	http://stats.ncaa.org/team/index/12280?org_id=1314	[19, 20, 23, 16, 78]
3948882	1	30125	Minot St.	http://stats.ncaa.org/team/index/12280?org_id=30125	[6, 13, 20, 21, 60]
3948894	0	30199	Concordia (CA)	http://stats.ncaa.org/team/index/12280?org_id=30199	[5, 19, 18, 5, 47]
3948894	1	1395	Tarleton St.	http://stats.ncaa.org/team/index/12280?org_id=1395	[24, 22, 18, 27, 91]
3948911	0	487	North Ala.	http://stats.ncaa.org/team/index/12280?org_id=487	[13, 15, 25, 8, 61]
3948911	1	24639	Nova Southeastern	http://stats.ncaa.org/team/index/12280?org_id=24639	[28, 29, 19, 26, 102]
3948931	0	30147	Fresno Pacific	http://stats.ncaa.org/team/index/12280?org_id=30147	[12, 11, 12, 16, 51]
3948931	1	1448	Western Wash.	http://stats.ncaa.org/team/index/12280?org_id=1448	[21, 23, 30, 23, 97]
3948943	0		Presentation		[16, 5, 8, 18, 47]
3948943	1	30134	Black Hills St.	http://stats.ncaa.org/team/index/12280?org_id=30134	[23, 11, 14, 21, 69]
3948981	0	35	Ashland	http://stats.ncaa.org/team/index/12280?org_id=35	[18, 11, 13, 20, 62]
3948981	1	30124	Cedarville	http://stats.ncaa.org/team/index/12280?org_id=30124	[11, 10, 9, 13, 43]
3948988	0	23157	Felician	http://stats.ncaa.org/team/index/12280?org_id=23157	[5, 16, 17, 23, 61]
3948988	1	1348	St. Thomas Aquinas	http://stats.ncaa.org/team/index/12280?org_id=1348	[11, 20, 27, 20, 78]
3948995	0	30179	Okla. Christian	http://stats.ncaa.org/team/index/12280?org_id=30179	[16, 16, 11, 17, 60]
3948995	1	9754	UC-Colo. Springs	http://stats.ncaa.org/team/index/12280?org_id=9754	[19, 16, 26, 19, 80]
3948996	0	12810	Northeastern St.	http://stats.ncaa.org/team/index/12280?org_id=12810	[9, 17, 15, 20, 61]
3948996	1	30178	Northwestern Okla.	http://stats.ncaa.org/team/index/12280?org_id=30178	[7, 15, 13, 8, 43]
3949015	0	30105	Ark.-Fort Smith	http://stats.ncaa.org/team/index/12280?org_id=30105	[22, 8, 21, 18, 69]
3949015	1	11416	Colorado Mesa	http://stats.ncaa.org/team/index/12280?org_id=11416	[17, 17, 21, 20, 75]
3949060	0	2759	Western St.	http://stats.ncaa.org/team/index/12280?org_id=2759	[14, 2, 11, 15, 42]
3949060	1	156	Colorado St.	http://stats.ncaa.org/team/index/12280?org_id=156	[27, 20, 17, 20, 84]
3949084	0	30175	Holy Names	http://stats.ncaa.org/team/index/12280?org_id=30175	[10, 13, 11, 18, 52]
3949084	1	645	Sonoma St.	http://stats.ncaa.org/team/index/12280?org_id=645	[16, 13, 9, 12, 50]
3949087	0	30177	Lubbock Christian	http://stats.ncaa.org/team/index/12280?org_id=30177	[14, 16, 21, 17, 68]
3949087	1	2720	Colorado St.-Pueblo	http://stats.ncaa.org/team/index/12280?org_id=2720	[10, 10, 13, 10, 43]
3949106	0		Southwestern Christ.		[9, 14, 12, 15, 50]
3949106	1	1334	St. Edward's	http://stats.ncaa.org/team/index/12280?org_id=1334	[13, 22, 17, 8, 60]
3949128	0	1123	Henderson St.	http://stats.ncaa.org/team/index/12280?org_id=1123	[13, 21, 21, 23, 78]
3949128	1	2755	Southwest Baptist	http://stats.ncaa.org/team/index/12280?org_id=2755	[20, 18, 18, 24, 80]
3949153	0	30180	Rogers St.	http://stats.ncaa.org/team/index/12280?org_id=30180	[6, 15, 14, 16, 51]
3949153	1	1222	Midwestern St.	http://stats.ncaa.org/team/index/12280?org_id=1222	[14, 8, 13, 13, 48]
3949162	0	30095	Dixie St.	http://stats.ncaa.org/team/index/12280?org_id=30095	[16, 12, 13, 11, 52]
3949162	1	11	Alas. Anchorage	http://stats.ncaa.org/team/index/12280?org_id=11	[31, 29, 30, 32, 122]
3949171	0	103	Stanislaus St.	http://stats.ncaa.org/team/index/12280?org_id=103	[20, 23, 20, 20, 19, 102]
3949171	1	12	Alas. Fairbanks	http://stats.ncaa.org/team/index/12280?org_id=12	[20, 20, 26, 17, 14, 97]
3949172	0	30149	Point Loma	http://stats.ncaa.org/team/index/12280?org_id=30149	[25, 10, 22, 17, 10, 84]
3949172	1	92	Cal St. Dom. Hills	http://stats.ncaa.org/team/index/12280?org_id=92	[18, 17, 16, 23, 4, 78]
3949341	0	696	Tex. A&M-Kingsville	http://stats.ncaa.org/team/index/12280?org_id=696	[11, 12, 14, 25, 62]
3949341	1	30199	Concordia (CA)	http://stats.ncaa.org/team/index/12280?org_id=30199	[11, 11, 16, 6, 44]
3949360	0	309	UIndy	http://stats.ncaa.org/team/index/12280?org_id=309	[13, 15, 21, 17, 66]
3949360	1	30137	Malone	http://stats.ncaa.org/team/index/12280?org_id=30137	[17, 17, 18, 28, 80]
3949398	0	11276	S.C. Aiken	http://stats.ncaa.org/team/index/12280?org_id=11276	[17, 11, 15, 25, 68]
3949398	1	1176	Lincoln Memorial	http://stats.ncaa.org/team/index/12280?org_id=1176	[10, 24, 12, 20, 66]
3949402	0	49	Barry	http://stats.ncaa.org/team/index/12280?org_id=49	[16, 24, 20, 15, 75]
3949402	1	487	North Ala.	http://stats.ncaa.org/team/index/12280?org_id=487	[17, 14, 21, 15, 67]
3949410	0	9223	North Greenville	http://stats.ncaa.org/team/index/12280?org_id=9223	[14, 16, 10, 15, 55]
3949410	1	1085	Francis Marion	http://stats.ncaa.org/team/index/12280?org_id=1085	[20, 12, 16, 21, 69]
3949481	0	30174	Daemen	http://stats.ncaa.org/team/index/12280?org_id=30174	[10, 13, 23, 10, 56]
3949481	1	1277	Nyack	http://stats.ncaa.org/team/index/12280?org_id=1277	[9, 23, 17, 15, 64]
3949516	0	658	Southern Conn. St.	http://stats.ncaa.org/team/index/12280?org_id=658	[12, 14, 20, 16, 62]
3949516	1	28594	USciences	http://stats.ncaa.org/team/index/12280?org_id=28594	[3, 14, 18, 18, 53]
3949545	0	307	Indiana (PA)	http://stats.ncaa.org/team/index/12280?org_id=307	[20, 9, 21, 25, 75]
3949545	1	70	Bowie St.	http://stats.ncaa.org/team/index/12280?org_id=70	[10, 12, 12, 30, 64]
3949556	0	356	Lincoln (MO)	http://stats.ncaa.org/team/index/12280?org_id=356	[20, 30, 16, 28, 94]
3949556	1	1123	Henderson St.	http://stats.ncaa.org/team/index/12280?org_id=1123	[24, 15, 29, 18, 86]
3949599	0	106	California (PA)	http://stats.ncaa.org/team/index/12280?org_id=106	[18, 13, 25, 20, 76]
3949599	1	30126	Notre Dame (OH)	http://stats.ncaa.org/team/index/12280?org_id=30126	[16, 18, 14, 19, 67]
3949606	0	30054	Newman	http://stats.ncaa.org/team/index/12280?org_id=30054	[17, 14, 18, 22, 71]
3949606	1	9754	UC-Colo. Springs	http://stats.ncaa.org/team/index/12280?org_id=9754	[16, 16, 18, 14, 64]
3949621	0	1318	Post	http://stats.ncaa.org/team/index/12280?org_id=1318	[24, 14, 17, 15, 70]
3949621	1	30174	Daemen	http://stats.ncaa.org/team/index/12280?org_id=30174	[14, 21, 26, 14, 75]
3949627	0	30179	Okla. Christian	http://stats.ncaa.org/team/index/12280?org_id=30179	[14, 10, 19, 15, 58]
3949627	1	568	Regis (CO)	http://stats.ncaa.org/team/index/12280?org_id=568	[17, 12, 16, 19, 64]
3949689	0	743	Virginia St.	http://stats.ncaa.org/team/index/12280?org_id=743	[15, 8, 14, 19, 56]
3949689	1	30063	Seton Hill	http://stats.ncaa.org/team/index/12280?org_id=30063	[16, 13, 22, 8, 59]
3949728	0	11416	Colorado Mesa	http://stats.ncaa.org/team/index/12280?org_id=11416	[17, 10, 16, 5, 48]
3949728	1	767	West Tex. A&M	http://stats.ncaa.org/team/index/12280?org_id=767	[11, 13, 16, 16, 56]
3949757	0	995	Caldwell	http://stats.ncaa.org/team/index/12280?org_id=995	[24, 22, 15, 22, 83]
3949757	1	1347	Saint Rose	http://stats.ncaa.org/team/index/12280?org_id=1347	[11, 21, 25, 18, 75]
3949801	0	1266	Northern St.	http://stats.ncaa.org/team/index/12280?org_id=1266	[14, 5, 23, 18, 60]
3949801	1	30136	Lindenwood (MO)	http://stats.ncaa.org/team/index/12280?org_id=30136	[11, 32, 18, 16, 77]
3949806	0	1274	Northwest Nazarene	http://stats.ncaa.org/team/index/12280?org_id=1274	[15, 15, 22, 28, 8, 88]
3949806	1	1240	Minn. St. Moorhead	http://stats.ncaa.org/team/index/12280?org_id=1240	[22, 21, 19, 18, 12, 92]
3949810	0	408	Mercyhurst	http://stats.ncaa.org/team/index/12280?org_id=408	[11, 12, 31, 10, 64]
3949810	1	1438	West Liberty	http://stats.ncaa.org/team/index/12280?org_id=1438	[19, 22, 19, 18, 78]
3949826	0	144	Clark Atlanta	http://stats.ncaa.org/team/index/12280?org_id=144	[26, 15, 18, 21, 80]
3949826	1	233	Fla. Southern	http://stats.ncaa.org/team/index/12280?org_id=233	[17, 26, 24, 27, 94]
3949880	0	8875	Chowan	http://stats.ncaa.org/team/index/12280?org_id=8875	[7, 18, 21, 16, 62]
3949880	1	643	Slippery Rock	http://stats.ncaa.org/team/index/12280?org_id=643	[17, 16, 17, 14, 64]
3949929	0		Ave Maria		[6, 8, 7, 7, 28]
3949929	1	9680	Embry-Riddle (FL)	http://stats.ncaa.org/team/index/12280?org_id=9680	[24, 21, 14, 17, 76]
3949951	0	30120	William Jewell	http://stats.ncaa.org/team/index/12280?org_id=30120	[10, 17, 9, 13, 49]
3949951	1	1433	Wayne St. (NE)	http://stats.ncaa.org/team/index/12280?org_id=1433	[26, 18, 24, 12, 80]
3949965	0	1076	Fairmont St.	http://stats.ncaa.org/team/index/12280?org_id=1076	[21, 14, 17, 26, 78]
3949965	1	223	Fayetteville St.	http://stats.ncaa.org/team/index/12280?org_id=223	[17, 12, 21, 13, 63]
3950087	0	2814	Washburn	http://stats.ncaa.org/team/index/12280?org_id=2814	[17, 28, 20, 23, 88]
3950087	1	30125	Minot St.	http://stats.ncaa.org/team/index/12280?org_id=30125	[19, 15, 18, 26, 78]
3950088	0	744	Virginia Union	http://stats.ncaa.org/team/index/12280?org_id=744	[19, 22, 17, 38, 96]
3950088	1	10870	Shepherd	http://stats.ncaa.org/team/index/12280?org_id=10870	[17, 19, 23, 29, 88]
3950138	0	1346	St. Mary's (TX)	http://stats.ncaa.org/team/index/12280?org_id=1346	[21, 16, 16, 19, 72]
3950138	1	701	Texas Woman's	http://stats.ncaa.org/team/index/12280?org_id=701	[19, 14, 27, 17, 77]
3950139	0	30180	Rogers St.	http://stats.ncaa.org/team/index/12280?org_id=30180	[8, 17, 6, 10, 41]
3950139	1	701	Texas Woman's	http://stats.ncaa.org/team/index/12280?org_id=701	[9, 14, 16, 17, 56]
3950152	0	357	Lincoln (PA)	http://stats.ncaa.org/team/index/12280?org_id=357	[11, 16, 13, 24, 64]
3950152	1	765	West Chester	http://stats.ncaa.org/team/index/12280?org_id=765	[11, 11, 15, 17, 54]
3950177	0	2696	Hawaii Pacific	http://stats.ncaa.org/team/index/12280?org_id=2696	[23, 17, 22, 25, 87]
3950177	1	30200	Concordia Portland	http://stats.ncaa.org/team/index/12280?org_id=30200	[19, 12, 20, 17, 68]
3950224	0	100	Cal St. L.A.	http://stats.ncaa.org/team/index/12280?org_id=100	[14, 9, 15, 6, 44]
3950224	1	66	Boise St.	http://stats.ncaa.org/team/index/12280?org_id=66	[17, 13, 17, 11, 58]
3950242	0		Johnson & Wales (CO)		[16, 20, 18, 22, 76]
3950242	1	30134	Black Hills St.	http://stats.ncaa.org/team/index/12280?org_id=30134	[19, 25, 21, 19, 84]
3950252	0	612	Saint Mary's (MN)	http://stats.ncaa.org/team/index/12280?org_id=612	[19, 22, 17, 10, 68]
3950252	1	790	Winona St.	http://stats.ncaa.org/team/index/12280?org_id=790	[29, 15, 30, 16, 90]
3950271	0	30191	Spring Hill	http://stats.ncaa.org/team/index/12280?org_id=30191	[8, 4, 14, 20, 46]
3950271	1	665	Southern U.	http://stats.ncaa.org/team/index/12280?org_id=665	[10, 15, 21, 19, 65]
3950293	0	30013	Lee	http://stats.ncaa.org/team/index/12280?org_id=30013	[13, 18, 26, 11, 68]
3950293	1	24639	Nova Southeastern	http://stats.ncaa.org/team/index/12280?org_id=24639	[17, 18, 20, 26, 81]
3950301	0	354	Lewis	http://stats.ncaa.org/team/index/12280?org_id=354	[13, 12, 21, 19, 65]
3950301	1	591	Saginaw Valley	http://stats.ncaa.org/team/index/12280?org_id=591	[4, 17, 18, 17, 56]
3950334	0	15207	Ohio Valley	http://stats.ncaa.org/team/index/12280?org_id=15207	[9, 13, 14, 9, 45]
3950334	1	757	Wayne St. (MI)	http://stats.ncaa.org/team/index/12280?org_id=757	[22, 17, 24, 13, 76]
3950403	0	1170	Lenoir-Rhyne	http://stats.ncaa.org/team/index/12280?org_id=1170	[6, 13, 10, 0, 29]
3950403	1	1068	Elon	http://stats.ncaa.org/team/index/12280?org_id=1068	[22, 15, 14, 16, 67]
3950416	0	1346	St. Mary's (TX)	http://stats.ncaa.org/team/index/12280?org_id=1346	[28, 17, 15, 21, 81]
3950416	1	1222	Midwestern St.	http://stats.ncaa.org/team/index/12280?org_id=1222	[6, 16, 14, 22, 58]
3950422	0	11538	Fontbonne	http://stats.ncaa.org/team/index/12280?org_id=11538	[8, 17, 16, 14, 55]
3950422	1	395	Maryville (MO)	http://stats.ncaa.org/team/index/12280?org_id=395	[18, 28, 20, 19, 85]
3950459	0	11403	Colo. Christian	http://stats.ncaa.org/team/index/12280?org_id=11403	[8, 15, 12, 21, 56]
3950459	1	294	Idaho St.	http://stats.ncaa.org/team/index/12280?org_id=294	[21, 18, 20, 23, 82]
3950462	0	30123	Academy of Art	http://stats.ncaa.org/team/index/12280?org_id=30123	[21, 13, 18, 17, 69]
3950462	1	205	Mont. St. Billings	http://stats.ncaa.org/team/index/12280?org_id=205	[15, 14, 21, 17, 67]
3950471	0		Georgetown (KY)		[17, 14, 14, 10, 55]
3950471	1	436	Mo.-St. Louis	http://stats.ncaa.org/team/index/12280?org_id=436	[22, 19, 21, 17, 79]
3950474	0	407	Mercy	http://stats.ncaa.org/team/index/12280?org_id=407	[17, 12, 6, 20, 55]
3950474	1	1460	Wilmington (DE)	http://stats.ncaa.org/team/index/12280?org_id=1460	[15, 14, 18, 26, 73]
3950512	0	8956	Dominican (NY)	http://stats.ncaa.org/team/index/12280?org_id=8956	[15, 15, 4, 24, 58]
3950512	1	36	Assumption	http://stats.ncaa.org/team/index/12280?org_id=36	[26, 9, 15, 18, 68]
3950552	0	30175	Holy Names	http://stats.ncaa.org/team/index/12280?org_id=30175	[15, 7, 11, 7, 40]
3950552	1	95	Chico St.	http://stats.ncaa.org/team/index/12280?org_id=95	[11, 19, 21, 13, 64]
3950575	0	103	Stanislaus St.	http://stats.ncaa.org/team/index/12280?org_id=103	[10, 13, 14, 5, 42]
3950575	1	11	Alas. Anchorage	http://stats.ncaa.org/team/index/12280?org_id=11	[22, 24, 27, 18, 91]
3950840	0	744	Virginia Union	http://stats.ncaa.org/team/index/12280?org_id=744	[22, 10, 10, 31, 73]
3950840	1	546	Pitt.-Johnstown	http://stats.ncaa.org/team/index/12280?org_id=546	[17, 19, 17, 19, 72]
3950848	0		Ave Maria		[7, 10, 10, 8, 35]
3950848	1	30092	Flagler	http://stats.ncaa.org/team/index/12280?org_id=30092	[16, 12, 22, 11, 61]
3950912	0	9630	West Va. Wesleyan	http://stats.ncaa.org/team/index/12280?org_id=9630	[18, 22, 22, 11, 73]
3950912	1	423	Millersville	http://stats.ncaa.org/team/index/12280?org_id=423	[21, 21, 19, 25, 86]
3950918	0	106	California (PA)	http://stats.ncaa.org/team/index/12280?org_id=106	[16, 9, 20, 20, 65]
3950918	1	1438	West Liberty	http://stats.ncaa.org/team/index/12280?org_id=1438	[16, 23, 28, 21, 88]
3950937	0	339	Kutztown	http://stats.ncaa.org/team/index/12280?org_id=339	[13, 19, 8, 11, 51]
3950937	1	352	Lehigh	http://stats.ncaa.org/team/index/12280?org_id=352	[13, 23, 25, 20, 81]
3950960	0	1403	Tiffin	http://stats.ncaa.org/team/index/12280?org_id=1403	[22, 9, 19, 10, 60]
3950960	1	799	Wis.-Parkside	http://stats.ncaa.org/team/index/12280?org_id=799	[25, 21, 14, 11, 71]
3950985	0	537	UNC Pembroke	http://stats.ncaa.org/team/index/12280?org_id=537	[14, 8, 12, 9, 43]
3950985	1	460	UNCW	http://stats.ncaa.org/team/index/12280?org_id=460	[18, 20, 13, 17, 68]
3951006	0	1334	St. Edward's	http://stats.ncaa.org/team/index/12280?org_id=1334	[8, 12, 18, 6, 44]
3951006	1	670	Texas St.	http://stats.ncaa.org/team/index/12280?org_id=670	[5, 13, 6, 28, 52]
3951027	0	15207	Ohio Valley	http://stats.ncaa.org/team/index/12280?org_id=15207	[13, 10, 9, 13, 45]
3951027	1	2746	Lake Erie	http://stats.ncaa.org/team/index/12280?org_id=2746	[31, 15, 14, 14, 74]
3951055	0	560	Queens (NY)	http://stats.ncaa.org/team/index/12280?org_id=560	[13, 22, 21, 20, 76]
3951055	1	1126	Holy Family	http://stats.ncaa.org/team/index/12280?org_id=1126	[20, 12, 18, 19, 69]
3951102	0	262	Grand Valley St.	http://stats.ncaa.org/team/index/12280?org_id=262	[16, 13, 14, 17, 60]
3951102	1	561	Quincy	http://stats.ncaa.org/team/index/12280?org_id=561	[10, 19, 12, 21, 62]
3951125	0	1240	Minn. St. Moorhead	http://stats.ncaa.org/team/index/12280?org_id=1240	[19, 14, 16, 14, 63]
3951125	1	130	Central Mo.	http://stats.ncaa.org/team/index/12280?org_id=130	[15, 11, 14, 18, 58]
3951180	0	408	Mercyhurst	http://stats.ncaa.org/team/index/12280?org_id=408	[24, 13, 15, 15, 67]
3951180	1	30126	Notre Dame (OH)	http://stats.ncaa.org/team/index/12280?org_id=30126	[15, 21, 11, 27, 74]
3951201	0	591	Saginaw Valley	http://stats.ncaa.org/team/index/12280?org_id=591	[11, 16, 16, 15, 6, 6, 70]
3951201	1	604	St. Joseph's (IN)	http://stats.ncaa.org/team/index/12280?org_id=604	[8, 13, 23, 14, 6, 12, 76]
3951290	0	209	Edinboro	http://stats.ncaa.org/team/index/12280?org_id=209	[10, 18, 14, 13, 55]
3951290	1	1439	West Virginia St.	http://stats.ncaa.org/team/index/12280?org_id=1439	[16, 12, 11, 12, 51]
3951291	0	143	Clarion	http://stats.ncaa.org/team/index/12280?org_id=143	[14, 17, 14, 24, 69]
3951291	1	1439	West Virginia St.	http://stats.ncaa.org/team/index/12280?org_id=1439	[23, 10, 17, 30, 80]
3951298	0	30146	Azusa Pacific	http://stats.ncaa.org/team/index/12280?org_id=30146	[15, 15, 16, 24, 70]
3951298	1	91	Cal Poly Pomona	http://stats.ncaa.org/team/index/12280?org_id=91	[9, 11, 15, 9, 44]
3951301	0	1012	Chadron St.	http://stats.ncaa.org/team/index/12280?org_id=1012	[18, 9, 10, 16, 53]
3951301	1	811	Wyoming	http://stats.ncaa.org/team/index/12280?org_id=811	[18, 20, 25, 18, 81]
3951316	0	30056	Notre Dame de Namur	http://stats.ncaa.org/team/index/12280?org_id=30056	[6, 13, 6, 20, 45]
3951316	1	95	Chico St.	http://stats.ncaa.org/team/index/12280?org_id=95	[16, 10, 13, 17, 56]
3951348	0	30135	California Baptist	http://stats.ncaa.org/team/index/12280?org_id=30135	[18, 12, 25, 17, 72]
3951348	1	205	Mont. St. Billings	http://stats.ncaa.org/team/index/12280?org_id=205	[14, 18, 12, 8, 52]
3951362	0	537	UNC Pembroke	http://stats.ncaa.org/team/index/12280?org_id=537	[11, 10, 25, 21, 67]
3951362	1	115	Campbell	http://stats.ncaa.org/team/index/12280?org_id=115	[12, 14, 10, 26, 62]
3951392	0	1079	Findlay	http://stats.ncaa.org/team/index/12280?org_id=1079	[17, 17, 32, 14, 80]
3951392	1	333	Ky. Wesleyan	http://stats.ncaa.org/team/index/12280?org_id=333	[16, 18, 8, 12, 54]
3951408	0	30127	Simon Fraser	http://stats.ncaa.org/team/index/12280?org_id=30127	[18, 16, 10, 10, 54]
3951408	1	30135	California Baptist	http://stats.ncaa.org/team/index/12280?org_id=30135	[16, 18, 23, 22, 79]
3951413	0	12810	Northeastern St.	http://stats.ncaa.org/team/index/12280?org_id=12810	[17, 9, 17, 16, 59]
3951413	1	1371	Southeastern Okla.	http://stats.ncaa.org/team/index/12280?org_id=1371	[20, 4, 17, 17, 58]
3951420	0	507	Northwest Mo. St.	http://stats.ncaa.org/team/index/12280?org_id=507	[10, 21, 13, 10, 54]
3951420	1	30128	Sioux Falls	http://stats.ncaa.org/team/index/12280?org_id=30128	[23, 15, 23, 15, 76]
3951421	0	30124	Cedarville	http://stats.ncaa.org/team/index/12280?org_id=30124	[18, 23, 6, 11, 10, 6, 74]
3951421	1	30119	Ohio Dominican	http://stats.ncaa.org/team/index/12280?org_id=30119	[17, 18, 14, 9, 10, 13, 81]
3951422	0	1445	Western N.M.	http://stats.ncaa.org/team/index/12280?org_id=1445	[13, 23, 17, 9, 62]
3951422	1	30088	Tex. Permian Basin	http://stats.ncaa.org/team/index/12280?org_id=30088	[11, 14, 19, 22, 66]
3951423	0	237	Fort Valley St.	http://stats.ncaa.org/team/index/12280?org_id=237	[11, 9, 14, 7, 41]
3951423	1	159	Columbus St.	http://stats.ncaa.org/team/index/12280?org_id=159	[26, 15, 19, 21, 81]
3951444	0	30090	Tex. A&M Int'l	http://stats.ncaa.org/team/index/12280?org_id=30090	[18, 14, 13, 12, 57]
3951444	1	1395	Tarleton St.	http://stats.ncaa.org/team/index/12280?org_id=1395	[22, 15, 22, 15, 74]
3951450	0	437	Molloy	http://stats.ncaa.org/team/index/12280?org_id=437	[18, 20, 20, 12, 4, 74]
3951450	1	1460	Wilmington (DE)	http://stats.ncaa.org/team/index/12280?org_id=1460	[25, 20, 15, 10, 7, 77]
3951455	0	1328	Rockhurst	http://stats.ncaa.org/team/index/12280?org_id=1328	[7, 8, 15, 9, 39]
3951455	1	504	UNI	http://stats.ncaa.org/team/index/12280?org_id=504	[14, 15, 17, 12, 58]
3951469	0	30093	AUM	http://stats.ncaa.org/team/index/12280?org_id=30093	[12, 11, 6, 3, 32]
3951469	1	625	Samford	http://stats.ncaa.org/team/index/12280?org_id=625	[21, 21, 20, 20, 82]
3951488	0	1009	Central Okla.	http://stats.ncaa.org/team/index/12280?org_id=1009	[11, 15, 17, 25, 68]
3951488	1	1371	Southeastern Okla.	http://stats.ncaa.org/team/index/12280?org_id=1371	[19, 11, 11, 16, 57]
3951490	0	658	Southern Conn. St.	http://stats.ncaa.org/team/index/12280?org_id=658	[24, 21, 23, 18, 86]
3951490	1	74	Bridgeport	http://stats.ncaa.org/team/index/12280?org_id=74	[11, 19, 18, 16, 64]
3951496	0	1028	Concord	http://stats.ncaa.org/team/index/12280?org_id=1028	[8, 9, 17, 13, 47]
3951496	1	223	Fayetteville St.	http://stats.ncaa.org/team/index/12280?org_id=223	[18, 16, 11, 25, 70]
3951512	0	333	Ky. Wesleyan	http://stats.ncaa.org/team/index/12280?org_id=333	[15, 9, 18, 22, 64]
3951512	1	224	Ferris St.	http://stats.ncaa.org/team/index/12280?org_id=224	[14, 18, 13, 10, 55]
3951523	0	9081	Concordia-St. Paul	http://stats.ncaa.org/team/index/12280?org_id=9081	[12, 14, 9, 25, 60]
3951523	1	2682	P.R.-Bayamon	http://stats.ncaa.org/team/index/12280?org_id=2682	[22, 15, 21, 12, 70]
3951530	0	985	Bluefield St.	http://stats.ncaa.org/team/index/12280?org_id=985	[13, 6, 19, 12, 50]
3951530	1	52	Bellarmine	http://stats.ncaa.org/team/index/12280?org_id=52	[24, 17, 26, 29, 96]
3951534	0	13302	Lees-McRae	http://stats.ncaa.org/team/index/12280?org_id=13302	[9, 10, 12, 9, 40]
3951534	1	12830	Tusculum	http://stats.ncaa.org/team/index/12280?org_id=12830	[16, 16, 16, 13, 61]
3951538	0	199	Tex. A&M-Commerce	http://stats.ncaa.org/team/index/12280?org_id=199	[20, 12, 18, 13, 63]
3951538	1	413	MSU Denver	http://stats.ncaa.org/team/index/12280?org_id=413	[16, 8, 15, 20, 59]
3951539	0	362	LIU Post	http://stats.ncaa.org/team/index/12280?org_id=362	[12, 7, 19, 17, 55]
3951539	1	3	Adelphi	http://stats.ncaa.org/team/index/12280?org_id=3	[17, 14, 13, 19, 63]
3951541	0	30054	Newman	http://stats.ncaa.org/team/index/12280?org_id=30054	[11, 14, 28, 22, 75]
3951541	1	568	Regis (CO)	http://stats.ncaa.org/team/index/12280?org_id=568	[11, 15, 9, 18, 53]
3951547	0	30202	Okla. Baptist	http://stats.ncaa.org/team/index/12280?org_id=30202	[22, 15, 15, 11, 63]
3951547	1	1071	Emporia St.	http://stats.ncaa.org/team/index/12280?org_id=1071	[23, 13, 25, 19, 80]
3951550	0		Avila		[15, 14, 11, 14, 54]
3951550	1	1328	Rockhurst	http://stats.ncaa.org/team/index/12280?org_id=1328	[19, 27, 18, 22, 86]
3951551	0	1096	Georgia College	http://stats.ncaa.org/team/index/12280?org_id=1096	[14, 13, 20, 24, 71]
3951551	1	30192	Southern Wesleyan	http://stats.ncaa.org/team/index/12280?org_id=30192	[12, 18, 16, 6, 52]
3951554	0	8956	Dominican (NY)	http://stats.ncaa.org/team/index/12280?org_id=8956	[21, 17, 19, 17, 74]
3951554	1	682	Stonehill	http://stats.ncaa.org/team/index/12280?org_id=682	[28, 21, 17, 18, 84]
3951555	0	28594	USciences	http://stats.ncaa.org/team/index/12280?org_id=28594	[13, 11, 7, 9, 40]
3951555	1	468	Southern N.H.	http://stats.ncaa.org/team/index/12280?org_id=468	[9, 17, 14, 17, 57]
3951565	0	30153	Union (TN)	http://stats.ncaa.org/team/index/12280?org_id=30153	[16, 10, 19, 14, 59]
3951565	1	689	Tampa	http://stats.ncaa.org/team/index/12280?org_id=689	[16, 12, 17, 11, 56]
3951567	0	542	Pfeiffer	http://stats.ncaa.org/team/index/12280?org_id=542	[17, 7, 18, 10, 52]
3951567	1	459	UNCG	http://stats.ncaa.org/team/index/12280?org_id=459	[16, 19, 15, 21, 71]
3951576	0	791	Winston-Salem	http://stats.ncaa.org/team/index/12280?org_id=791	[20, 17, 13, 18, 68]
3951576	1	10870	Shepherd	http://stats.ncaa.org/team/index/12280?org_id=10870	[8, 11, 13, 14, 46]
3951584	0	470	New Haven	http://stats.ncaa.org/team/index/12280?org_id=470	[20, 17, 20, 12, 69]
3951584	1	2692	Dowling	http://stats.ncaa.org/team/index/12280?org_id=2692	[12, 12, 10, 21, 55]
3951585	0	1076	Fairmont St.	http://stats.ncaa.org/team/index/12280?org_id=1076	[16, 16, 15, 15, 62]
3951585	1	636	Shaw	http://stats.ncaa.org/team/index/12280?org_id=636	[18, 14, 13, 16, 61]
3951586	0	929	Adams St.	http://stats.ncaa.org/team/index/12280?org_id=929	[12, 4, 6, 6, 28]
3951586	1	30209	Westminster (UT)	http://stats.ncaa.org/team/index/12280?org_id=30209	[16, 18, 18, 14, 66]
3951606	0	30154	Young Harris	http://stats.ncaa.org/team/index/12280?org_id=30154	[9, 9, 4, 9, 31]
3951606	1	14927	Belmont	http://stats.ncaa.org/team/index/12280?org_id=14927	[17, 21, 21, 21, 80]
3951607	0	246	Gannon	http://stats.ncaa.org/team/index/12280?org_id=246	[16, 18, 18, 22, 74]
3951607	1	357	Lincoln (PA)	http://stats.ncaa.org/team/index/12280?org_id=357	[17, 8, 22, 15, 62]
3951619	0	186	Dist. Columbia	http://stats.ncaa.org/team/index/12280?org_id=186	[12, 21, 18, 15, 66]
3951619	1	410	Merrimack	http://stats.ncaa.org/team/index/12280?org_id=410	[18, 21, 14, 22, 75]
3951620	0	347	Lane	http://stats.ncaa.org/team/index/12280?org_id=347	[11, 20, 11, 20, 62]
3951620	1	947	Arkansas Tech	http://stats.ncaa.org/team/index/12280?org_id=947	[10, 24, 26, 22, 82]
3951622	0	682	Stonehill	http://stats.ncaa.org/team/index/12280?org_id=682	[24, 26, 15, 21, 86]
3951622	1	8366	Goldey-Beacom	http://stats.ncaa.org/team/index/12280?org_id=8366	[9, 19, 18, 15, 61]
3951623	0	1314	Pittsburg St.	http://stats.ncaa.org/team/index/12280?org_id=1314	[18, 19, 12, 13, 62]
3951623	1	30075	Mary	http://stats.ncaa.org/team/index/12280?org_id=30075	[22, 6, 12, 9, 49]
3951624	0	11740	West Florida	http://stats.ncaa.org/team/index/12280?org_id=11740	[18, 8, 19, 7, 52]
3951624	1	689	Tampa	http://stats.ncaa.org/team/index/12280?org_id=689	[20, 26, 15, 16, 77]
3951625	0	30149	Point Loma	http://stats.ncaa.org/team/index/12280?org_id=30149	[15, 20, 17, 20, 72]
3951625	1	91	Cal Poly Pomona	http://stats.ncaa.org/team/index/12280?org_id=91	[21, 9, 14, 10, 54]
3951626	0	468	Southern N.H.	http://stats.ncaa.org/team/index/12280?org_id=468	[15, 25, 17, 27, 84]
3951626	1	74	Bridgeport	http://stats.ncaa.org/team/index/12280?org_id=74	[17, 21, 18, 14, 70]
3951627	0	360	Lock Haven	http://stats.ncaa.org/team/index/12280?org_id=360	[8, 11, 16, 19, 54]
3951627	1	613	Saint Michael's	http://stats.ncaa.org/team/index/12280?org_id=613	[13, 19, 8, 23, 63]
3951629	0	9011	Fort Hays St.	http://stats.ncaa.org/team/index/12280?org_id=9011	[12, 18, 22, 22, 74]
3951629	1	728	Upper Iowa	http://stats.ncaa.org/team/index/12280?org_id=728	[13, 21, 19, 9, 62]
3951630	0	645	Sonoma St.	http://stats.ncaa.org/team/index/12280?org_id=645	[18, 13, 24, 10, 65]
3951630	1	30056	Notre Dame de Namur	http://stats.ncaa.org/team/index/12280?org_id=30056	[11, 14, 18, 10, 53]
3951632	0	437	Molloy	http://stats.ncaa.org/team/index/12280?org_id=437	[14, 14, 19, 21, 68]
3951632	1	984	Bloomfield	http://stats.ncaa.org/team/index/12280?org_id=984	[12, 17, 19, 12, 60]
3951633	0	2814	Washburn	http://stats.ncaa.org/team/index/12280?org_id=2814	[18, 14, 18, 13, 63]
3951633	1	30075	Mary	http://stats.ncaa.org/team/index/12280?org_id=30075	[10, 11, 15, 14, 50]
3951634	0	510	Northwood (MI)	http://stats.ncaa.org/team/index/12280?org_id=510	[15, 16, 26, 17, 74]
3951634	1	604	St. Joseph's (IN)	http://stats.ncaa.org/team/index/12280?org_id=604	[11, 11, 21, 16, 59]
3951636	0	499	Truman	http://stats.ncaa.org/team/index/12280?org_id=499	[20, 19, 10, 22, 71]
3951636	1	506	Northern Mich.	http://stats.ncaa.org/team/index/12280?org_id=506	[18, 10, 11, 15, 54]
3951637	0		Selma		[13, 11, 12, 14, 50]
3951637	1	680	Stillman	http://stats.ncaa.org/team/index/12280?org_id=680	[11, 18, 12, 29, 70]
3951638	0	174	Davis & Elkins	http://stats.ncaa.org/team/index/12280?org_id=174	[8, 6, 15, 19, 48]
3951638	1	638	Shippensburg	http://stats.ncaa.org/team/index/12280?org_id=638	[21, 19, 29, 16, 85]
3951640	0	92	Cal St. Dom. Hills	http://stats.ncaa.org/team/index/12280?org_id=92	[15, 13, 12, 18, 58]
3951640	1	30146	Azusa Pacific	http://stats.ncaa.org/team/index/12280?org_id=30146	[17, 25, 14, 13, 69]
3951641	0	1028	Concord	http://stats.ncaa.org/team/index/12280?org_id=1028	[20, 9, 7, 11, 47]
3951641	1	636	Shaw	http://stats.ncaa.org/team/index/12280?org_id=636	[13, 15, 19, 15, 62]
3951642	0	143	Clarion	http://stats.ncaa.org/team/index/12280?org_id=143	[14, 13, 15, 23, 65]
3951642	1	1013	Charleston (WV)	http://stats.ncaa.org/team/index/12280?org_id=1013	[15, 23, 23, 17, 78]
3951644	0	30090	Tex. A&M Int'l	http://stats.ncaa.org/team/index/12280?org_id=30090	[16, 8, 21, 12, 57]
3951644	1	696	Tex. A&M-Kingsville	http://stats.ncaa.org/team/index/12280?org_id=696	[19, 13, 21, 7, 60]
3951646	0	30049	Central St. (OH)	http://stats.ncaa.org/team/index/12280?org_id=30049	[13, 20, 18, 16, 67]
3951646	1	765	West Chester	http://stats.ncaa.org/team/index/12280?org_id=765	[19, 9, 28, 24, 80]
3951647	0	41	Augustana (SD)	http://stats.ncaa.org/team/index/12280?org_id=41	[18, 16, 19, 29, 82]
3951647	1	1156	Neb.-Kearney	http://stats.ncaa.org/team/index/12280?org_id=1156	[7, 23, 15, 18, 63]
3951648	0	628	San Fran. St.	http://stats.ncaa.org/team/index/12280?org_id=628	[6, 16, 10, 9, 41]
3951648	1	30200	Concordia Portland	http://stats.ncaa.org/team/index/12280?org_id=30200	[14, 17, 22, 11, 64]
3951651	0	24342	Okla. Panhandle	http://stats.ncaa.org/team/index/12280?org_id=24342	[14, 17, 12, 17, 60]
3951651	1	1445	Western N.M.	http://stats.ncaa.org/team/index/12280?org_id=1445	[22, 9, 14, 16, 61]
3951652	0	9223	North Greenville	http://stats.ncaa.org/team/index/12280?org_id=9223	[15, 8, 23, 13, 59]
3951652	1	30052	North Georgia	http://stats.ncaa.org/team/index/12280?org_id=30052	[10, 7, 24, 27, 68]
3951653	0	594	Saint Augustine's	http://stats.ncaa.org/team/index/12280?org_id=594	[20, 16, 14, 15, 65]
3951653	1	1098	Glenville St.	http://stats.ncaa.org/team/index/12280?org_id=1098	[20, 24, 31, 22, 97]
3951654	0	56	Bentley	http://stats.ncaa.org/team/index/12280?org_id=56	[25, 9, 17, 18, 69]
3951654	1	543	Philadelphia U.	http://stats.ncaa.org/team/index/12280?org_id=543	[19, 10, 15, 16, 60]
3951655	0	30123	Academy of Art	http://stats.ncaa.org/team/index/12280?org_id=30123	[24, 19, 11, 17, 71]
3951655	1	30127	Simon Fraser	http://stats.ncaa.org/team/index/12280?org_id=30127	[18, 13, 22, 13, 66]
3951656	0	506	Northern Mich.	http://stats.ncaa.org/team/index/12280?org_id=506	[13, 15, 13, 19, 60]
3951656	1	561	Quincy	http://stats.ncaa.org/team/index/12280?org_id=561	[19, 30, 25, 15, 89]
3951657	0	791	Winston-Salem	http://stats.ncaa.org/team/index/12280?org_id=791	[16, 15, 9, 21, 61]
3951657	1	546	Pitt.-Johnstown	http://stats.ncaa.org/team/index/12280?org_id=546	[19, 12, 19, 25, 75]
3951658	0	560	Queens (NY)	http://stats.ncaa.org/team/index/12280?org_id=560	[20, 11, 10, 24, 65]
3951658	1	543	Philadelphia U.	http://stats.ncaa.org/team/index/12280?org_id=543	[16, 7, 16, 19, 58]
3951660	0	477	NYIT	http://stats.ncaa.org/team/index/12280?org_id=477	[11, 19, 14, 21, 65]
3951660	1	533	Pace	http://stats.ncaa.org/team/index/12280?org_id=533	[21, 22, 15, 16, 74]
3951661	0	2696	Hawaii Pacific	http://stats.ncaa.org/team/index/12280?org_id=2696	[21, 12, 11, 5, 49]
3951661	1	1010	Central Wash.	http://stats.ncaa.org/team/index/12280?org_id=1010	[25, 12, 8, 6, 51]
3951662	0	345	Lake Superior St.	http://stats.ncaa.org/team/index/12280?org_id=345	[11, 12, 7, 10, 40]
3951662	1	30138	McKendree	http://stats.ncaa.org/team/index/12280?org_id=30138	[11, 11, 14, 15, 51]
3951665	0	12799	Wheeling Jesuit	http://stats.ncaa.org/team/index/12280?org_id=12799	[6, 14, 13, 15, 48]
3951665	1	323	Johnson C. Smith	http://stats.ncaa.org/team/index/12280?org_id=323	[12, 15, 13, 14, 54]
3951670	0	1009	Central Okla.	http://stats.ncaa.org/team/index/12280?org_id=1009	[15, 12, 21, 24, 72]
3951670	1	30178	Northwestern Okla.	http://stats.ncaa.org/team/index/12280?org_id=30178	[8, 21, 21, 15, 65]
3951671	0	1098	Glenville St.	http://stats.ncaa.org/team/index/12280?org_id=1098	[24, 25, 27, 20, 96]
3951671	1	323	Johnson C. Smith	http://stats.ncaa.org/team/index/12280?org_id=323	[26, 27, 26, 38, 117]
3951673	0	1023	Coker	http://stats.ncaa.org/team/index/12280?org_id=1023	[8, 12, 21, 14, 55]
3951673	1	1174	Limestone	http://stats.ncaa.org/team/index/12280?org_id=1174	[30, 18, 18, 28, 94]
3951674	0	9004	Georgian Court	http://stats.ncaa.org/team/index/12280?org_id=9004	[1, 21, 12, 17, 51]
3951674	1	349	Le Moyne	http://stats.ncaa.org/team/index/12280?org_id=349	[25, 15, 30, 22, 92]
3951676	0	1245	Mount Olive	http://stats.ncaa.org/team/index/12280?org_id=1245	[20, 15, 18, 14, 67]
3951676	1	1001	Catawba	http://stats.ncaa.org/team/index/12280?org_id=1001	[17, 16, 22, 21, 76]
3951677	0	1156	Neb.-Kearney	http://stats.ncaa.org/team/index/12280?org_id=1156	[10, 17, 20, 13, 60]
3951677	1	30128	Sioux Falls	http://stats.ncaa.org/team/index/12280?org_id=30128	[28, 19, 26, 11, 84]
3951678	0	628	San Fran. St.	http://stats.ncaa.org/team/index/12280?org_id=628	[11, 9, 7, 12, 39]
3951678	1	1010	Central Wash.	http://stats.ncaa.org/team/index/12280?org_id=1010	[13, 18, 12, 16, 59]
3951680	0	354	Lewis	http://stats.ncaa.org/team/index/12280?org_id=354	[16, 16, 28, 18, 78]
3951680	1	510	Northwood (MI)	http://stats.ncaa.org/team/index/12280?org_id=510	[16, 10, 13, 18, 57]
3951684	0	995	Caldwell	http://stats.ncaa.org/team/index/12280?org_id=995	[19, 14, 25, 11, 69]
3951684	1	349	Le Moyne	http://stats.ncaa.org/team/index/12280?org_id=349	[11, 15, 14, 22, 62]
3951685	0	19117	Salem Int'l	http://stats.ncaa.org/team/index/12280?org_id=19117	[9, 14, 20, 14, 57]
3951685	1	2746	Lake Erie	http://stats.ncaa.org/team/index/12280?org_id=2746	[9, 25, 26, 22, 82]
3951686	0	30209	Westminster (UT)	http://stats.ncaa.org/team/index/12280?org_id=30209	[15, 13, 8, 10, 46]
3951686	1	1083	Fort Lewis	http://stats.ncaa.org/team/index/12280?org_id=1083	[14, 23, 27, 9, 73]
3951689	0	1023	Coker	http://stats.ncaa.org/team/index/12280?org_id=1023	[22, 22, 27, 17, 88]
3951689	1	2683	Belmont Abbey	http://stats.ncaa.org/team/index/12280?org_id=2683	[23, 14, 26, 23, 86]
3951690	0	13	Albany St. (GA)	http://stats.ncaa.org/team/index/12280?org_id=13	[7, 19, 13, 15, 54]
3951690	1	1097	Ga. Southwestern	http://stats.ncaa.org/team/index/12280?org_id=1097	[12, 16, 24, 15, 67]
3951693	0	30049	Central St. (OH)	http://stats.ncaa.org/team/index/12280?org_id=30049	[14, 18, 12, 13, 57]
3951693	1	246	Gannon	http://stats.ncaa.org/team/index/12280?org_id=246	[25, 17, 18, 16, 76]
3951694	0	1176	Lincoln Memorial	http://stats.ncaa.org/team/index/12280?org_id=1176	[9, 19, 17, 11, 56]
3951694	1	1167	Lander	http://stats.ncaa.org/team/index/12280?org_id=1167	[12, 8, 15, 23, 58]
3951695	0	413	MSU Denver	http://stats.ncaa.org/team/index/12280?org_id=413	[9, 17, 10, 8, 44]
3951695	1	30177	Lubbock Christian	http://stats.ncaa.org/team/index/12280?org_id=30177	[25, 12, 23, 12, 72]
3951697	0	1318	Post	http://stats.ncaa.org/team/index/12280?org_id=1318	[10, 11, 13, 21, 55]
3951697	1	30150	Roberts Wesleyan	http://stats.ncaa.org/team/index/12280?org_id=30150	[26, 15, 20, 22, 83]
3951699	0	199	Tex. A&M-Commerce	http://stats.ncaa.org/team/index/12280?org_id=199	[11, 12, 17, 22, 62]
3951699	1	2720	Colorado St.-Pueblo	http://stats.ncaa.org/team/index/12280?org_id=2720	[13, 18, 20, 17, 68]
3951700	0	984	Bloomfield	http://stats.ncaa.org/team/index/12280?org_id=984	[19, 16, 23, 20, 78]
3951700	1	407	Mercy	http://stats.ncaa.org/team/index/12280?org_id=407	[7, 15, 16, 11, 49]
3951701	0	30120	William Jewell	http://stats.ncaa.org/team/index/12280?org_id=30120	[4, 6, 11, 16, 37]
3951701	1	1266	Northern St.	http://stats.ncaa.org/team/index/12280?org_id=1266	[16, 15, 15, 23, 69]
3951703	0	1245	Mount Olive	http://stats.ncaa.org/team/index/12280?org_id=1245	[20, 22, 13, 23, 78]
3951703	1	11504	Queens (NC)	http://stats.ncaa.org/team/index/12280?org_id=11504	[11, 14, 15, 7, 47]
3951704	0	39	Augusta	http://stats.ncaa.org/team/index/12280?org_id=39	[17, 16, 19, 25, 77]
3951704	1	30192	Southern Wesleyan	http://stats.ncaa.org/team/index/12280?org_id=30192	[16, 15, 6, 22, 59]
3951705	0	280	Hillsdale	http://stats.ncaa.org/team/index/12280?org_id=280	[23, 20, 10, 18, 71]
3951705	1	30138	McKendree	http://stats.ncaa.org/team/index/12280?org_id=30138	[19, 13, 17, 10, 59]
3951706	0	9081	Concordia-St. Paul	http://stats.ncaa.org/team/index/12280?org_id=9081	[25, 20, 23, 16, 84]
3951706	1	2716	P.R.-Rio Piedras	http://stats.ncaa.org/team/index/12280?org_id=2716	[9, 10, 8, 11, 38]
3951707	0	206	Eastern N.M.	http://stats.ncaa.org/team/index/12280?org_id=206	[11, 15, 18, 20, 64]
3951707	1	1083	Fort Lewis	http://stats.ncaa.org/team/index/12280?org_id=1083	[13, 10, 19, 25, 67]
3951708	0	728	Upper Iowa	http://stats.ncaa.org/team/index/12280?org_id=728	[19, 17, 21, 23, 80]
3951708	1	9013	Mo. Western St.	http://stats.ncaa.org/team/index/12280?org_id=9013	[17, 16, 30, 26, 89]
3951709	0	9012	Mo. Southern St.	http://stats.ncaa.org/team/index/12280?org_id=9012	[19, 19, 12, 21, 71]
3951709	1	8744	Southwestern Okla.	http://stats.ncaa.org/team/index/12280?org_id=8744	[20, 6, 22, 20, 68]
3951711	0	237	Fort Valley St.	http://stats.ncaa.org/team/index/12280?org_id=237	[10, 11, 11, 9, 41]
3951711	1	1097	Ga. Southwestern	http://stats.ncaa.org/team/index/12280?org_id=1097	[17, 24, 19, 16, 76]
3951712	0	13	Albany St. (GA)	http://stats.ncaa.org/team/index/12280?org_id=13	[11, 10, 15, 10, 46]
3951712	1	159	Columbus St.	http://stats.ncaa.org/team/index/12280?org_id=159	[24, 24, 19, 14, 81]
3951713	0	1072	Erskine	http://stats.ncaa.org/team/index/12280?org_id=1072	[15, 12, 15, 18, 60]
3951713	1	30052	North Georgia	http://stats.ncaa.org/team/index/12280?org_id=30052	[25, 24, 23, 22, 94]
3951715	0	1000	Carson-Newman	http://stats.ncaa.org/team/index/12280?org_id=1000	[21, 20, 15, 17, 73]
3951715	1	1167	Lander	http://stats.ncaa.org/team/index/12280?org_id=1167	[19, 16, 14, 13, 62]
3951716	0	1277	Nyack	http://stats.ncaa.org/team/index/12280?org_id=1277	[16, 15, 16, 26, 73]
3951716	1	30150	Roberts Wesleyan	http://stats.ncaa.org/team/index/12280?org_id=30150	[18, 32, 23, 21, 94]
3951717	0	3	Adelphi	http://stats.ncaa.org/team/index/12280?org_id=3	[11, 12, 19, 23, 65]
3951717	1	477	NYIT	http://stats.ncaa.org/team/index/12280?org_id=477	[14, 12, 19, 30, 75]
3951719	0	362	LIU Post	http://stats.ncaa.org/team/index/12280?org_id=362	[8, 10, 23, 15, 56]
3951719	1	533	Pace	http://stats.ncaa.org/team/index/12280?org_id=533	[20, 21, 18, 12, 71]
3951720	0	9012	Mo. Southern St.	http://stats.ncaa.org/team/index/12280?org_id=9012	[20, 25, 12, 15, 72]
3951720	1	30202	Okla. Baptist	http://stats.ncaa.org/team/index/12280?org_id=30202	[25, 12, 10, 16, 63]
3951723	0	230	Florida Tech	http://stats.ncaa.org/team/index/12280?org_id=230	[9, 10, 23, 17, 59]
3951723	1	30058	Claflin	http://stats.ncaa.org/team/index/12280?org_id=30058	[14, 17, 12, 8, 51]
3951724	0	9011	Fort Hays St.	http://stats.ncaa.org/team/index/12280?org_id=9011	[19, 12, 19, 21, 71]
3951724	1	8736	Southwest Minn. St.	http://stats.ncaa.org/team/index/12280?org_id=8736	[7, 10, 2, 15, 34]
3951725	0	345	Lake Superior St.	http://stats.ncaa.org/team/index/12280?org_id=345	[9, 11, 13, 12, 45]
3951725	1	30050	Ill.-Springfield	http://stats.ncaa.org/team/index/12280?org_id=30050	[20, 11, 11, 18, 60]
3951728	0	23157	Felician	http://stats.ncaa.org/team/index/12280?org_id=23157	[9, 11, 12, 24, 56]
3951728	1	186	Dist. Columbia	http://stats.ncaa.org/team/index/12280?org_id=186	[9, 14, 21, 15, 59]
3951737	0	1289	Ouachita Baptist	http://stats.ncaa.org/team/index/12280?org_id=1289	[17, 17, 14, 19, 67]
3951737	1	2755	Southwest Baptist	http://stats.ncaa.org/team/index/12280?org_id=2755	[17, 27, 20, 10, 74]
3951738	0	30051	King (TN)	http://stats.ncaa.org/team/index/12280?org_id=30051	[11, 13, 22, 14, 10, 70]
3951738	1	12830	Tusculum	http://stats.ncaa.org/team/index/12280?org_id=12830	[9, 13, 15, 23, 13, 73]
3951739	0	1199	Mars Hill	http://stats.ncaa.org/team/index/12280?org_id=1199	[16, 13, 20, 24, 73]
3951739	1	13302	Lees-McRae	http://stats.ncaa.org/team/index/12280?org_id=13302	[15, 15, 17, 11, 58]
3951816	0	12799	Wheeling Jesuit	http://stats.ncaa.org/team/index/12280?org_id=12799	[11, 17, 26, 24, 78]
3951816	1	594	Saint Augustine's	http://stats.ncaa.org/team/index/12280?org_id=594	[14, 13, 11, 10, 48]
3951837	0	30050	Ill.-Springfield	http://stats.ncaa.org/team/index/12280?org_id=30050	[13, 11, 11, 22, 57]
3951837	1	280	Hillsdale	http://stats.ncaa.org/team/index/12280?org_id=280	[24, 23, 17, 11, 75]
3951844	0	1347	Saint Rose	http://stats.ncaa.org/team/index/12280?org_id=1347	[29, 24, 21, 16, 90]
3951844	1	9004	Georgian Court	http://stats.ncaa.org/team/index/12280?org_id=9004	[12, 14, 8, 9, 43]
3951857	0	8935	Converse	http://stats.ncaa.org/team/index/12280?org_id=8935	[20, 19, 18, 23, 80]
3951857	1		Bob Jones		[26, 27, 13, 13, 79]
3951873	0	8366	Goldey-Beacom	http://stats.ncaa.org/team/index/12280?org_id=8366	[11, 13, 12, 11, 47]
3951873	1	36	Assumption	http://stats.ncaa.org/team/index/12280?org_id=36	[20, 14, 10, 20, 64]
3951892	0	2716	P.R.-Rio Piedras	http://stats.ncaa.org/team/index/12280?org_id=2716	[4, 10, 10, 9, 33]
3951892	1	27854	Minn.-Crookston	http://stats.ncaa.org/team/index/12280?org_id=27854	[20, 24, 15, 16, 75]
3951904	0	27854	Minn.-Crookston	http://stats.ncaa.org/team/index/12280?org_id=27854	[10, 17, 20, 12, 59]
3951904	1	2682	P.R.-Bayamon	http://stats.ncaa.org/team/index/12280?org_id=2682	[10, 13, 10, 14, 47]
3951914	0	757	Wayne St. (MI)	http://stats.ncaa.org/team/index/12280?org_id=757	[23, 21, 23, 17, 84]
3951914	1	19117	Salem Int'l	http://stats.ncaa.org/team/index/12280?org_id=19117	[13, 11, 10, 12, 46]
3951959	0	30198	Cal St. San Marcos	http://stats.ncaa.org/team/index/12280?org_id=30198	[21, 9, 19, 11, 60]
3951959	1	112	UC San Diego	http://stats.ncaa.org/team/index/12280?org_id=112	[13, 25, 24, 11, 73]
3951963	0	30147	Fresno Pacific	http://stats.ncaa.org/team/index/12280?org_id=30147	[14, 7, 11, 11, 43]
3951963	1	634	Seattle Pacific	http://stats.ncaa.org/team/index/12280?org_id=634	[16, 23, 30, 20, 89]
3952006	0	56	Bentley	http://stats.ncaa.org/team/index/12280?org_id=56	[23, 21, 17, 18, 79]
3952006	1	1126	Holy Family	http://stats.ncaa.org/team/index/12280?org_id=1126	[10, 11, 21, 12, 54]
3952024	0	720	Tuskegee	http://stats.ncaa.org/team/index/12280?org_id=720	[12, 17, 16, 26, 71]
3952024	1	766	West Ga.	http://stats.ncaa.org/team/index/12280?org_id=766	[16, 19, 18, 16, 69]
3952050	0	1376	Southern Ark.	http://stats.ncaa.org/team/index/12280?org_id=1376	[18, 25, 17, 12, 72]
3952050	1		Philander Smith		[14, 19, 15, 20, 68]
3952072	0	30094	Brevard	http://stats.ncaa.org/team/index/12280?org_id=30094	[10, 20, 16, 13, 59]
3952072	1	30058	Claflin	http://stats.ncaa.org/team/index/12280?org_id=30058	[18, 18, 15, 19, 70]
3952116	0	499	Truman	http://stats.ncaa.org/team/index/12280?org_id=499	[12, 18, 12, 19, 61]
3952116	1	262	Grand Valley St.	http://stats.ncaa.org/team/index/12280?org_id=262	[18, 22, 19, 18, 77]
3952132	0	427	Minn. Duluth	http://stats.ncaa.org/team/index/12280?org_id=427	[7, 8, 11, 17, 43]
3952132	1	417	Michigan Tech	http://stats.ncaa.org/team/index/12280?org_id=417	[21, 15, 16, 20, 72]
3952134	0	30095	Dixie St.	http://stats.ncaa.org/team/index/12280?org_id=30095	[10, 19, 19, 25, 73]
3952134	1	12	Alas. Fairbanks	http://stats.ncaa.org/team/index/12280?org_id=12	[11, 14, 30, 28, 83]
3952144	0	208	Eckerd	http://stats.ncaa.org/team/index/12280?org_id=208	[10, 9, 13, 22, 54]
3952144	1	766	West Ga.	http://stats.ncaa.org/team/index/12280?org_id=766	[9, 9, 21, 13, 52]
3952153	0	70	Bowie St.	http://stats.ncaa.org/team/index/12280?org_id=70	[10, 16, 17, 22, 65]
3952153	1	197	East Stroudsburg	http://stats.ncaa.org/team/index/12280?org_id=197	[15, 20, 12, 8, 55]
3952183	0	162	Concordia (NY)	http://stats.ncaa.org/team/index/12280?org_id=162	[9, 11, 9, 6, 35]
3952183	1	477	NYIT	http://stats.ncaa.org/team/index/12280?org_id=477	[19, 24, 23, 13, 79]
3952184	0		Hannibal-La Grange		[16, 6, 12, 16, 50]
3952184	1	395	Maryville (MO)	http://stats.ncaa.org/team/index/12280?org_id=395	[23, 28, 26, 8, 85]
3952191	0		Midland		[15, 15, 17, 11, 58]
3952191	1	1156	Neb.-Kearney	http://stats.ncaa.org/team/index/12280?org_id=1156	[34, 27, 23, 8, 92]
3952222	0	535	Paine	http://stats.ncaa.org/team/index/12280?org_id=535	[14, 14, 13, 21, 62]
3952222	1	48	Charleston So.	http://stats.ncaa.org/team/index/12280?org_id=48	[15, 23, 14, 17, 69]
3952226	0	410	Merrimack	http://stats.ncaa.org/team/index/12280?org_id=410	[8, 16, 17, 8, 49]
3952226	1	1348	St. Thomas Aquinas	http://stats.ncaa.org/team/index/12280?org_id=1348	[14, 19, 23, 22, 78]
3952275	0	2759	Western St.	http://stats.ncaa.org/team/index/12280?org_id=2759	[8, 12, 9, 19, 48]
3952275	1	502	Northern Colo.	http://stats.ncaa.org/team/index/12280?org_id=502	[29, 23, 25, 24, 101]
3952337	0	30209	Westminster (UT)	http://stats.ncaa.org/team/index/12280?org_id=30209	[19, 19, 12, 17, 67]
3952337	1	731	Utah St.	http://stats.ncaa.org/team/index/12280?org_id=731	[23, 18, 19, 14, 74]
3952417	0		Concordia (AL)		[22, 12, 15, 21, 70]
3952417	1	1238	Montevallo	http://stats.ncaa.org/team/index/12280?org_id=1238	[20, 12, 13, 12, 57]
3952441	0	2683	Belmont Abbey	http://stats.ncaa.org/team/index/12280?org_id=2683	[16, 15, 14, 11, 56]
3952441	1	1257	Newberry	http://stats.ncaa.org/team/index/12280?org_id=1257	[22, 31, 16, 18, 87]
3952495	0	144	Clark Atlanta	http://stats.ncaa.org/team/index/12280?org_id=144	[10, 25, 19, 25, 79]
3952495	1	608	Saint Leo	http://stats.ncaa.org/team/index/12280?org_id=608	[15, 18, 15, 30, 78]
3952516	0	535	Paine	http://stats.ncaa.org/team/index/12280?org_id=535	[15, 19, 14, 10, 58]
3952516	1	608	Saint Leo	http://stats.ncaa.org/team/index/12280?org_id=608	[21, 20, 23, 17, 81]
3952557	0	1000	Carson-Newman	http://stats.ncaa.org/team/index/12280?org_id=1000	[16, 19, 15, 17, 67]
3952557	1	11276	S.C. Aiken	http://stats.ncaa.org/team/index/12280?org_id=11276	[20, 16, 9, 18, 63]
3952571	0		Hiwassee		[13, 13, 16, 17, 59]
3952571	1	30154	Young Harris	http://stats.ncaa.org/team/index/12280?org_id=30154	[33, 19, 23, 19, 94]
3952572	0	65	Bloomsburg	http://stats.ncaa.org/team/index/12280?org_id=65	[16, 16, 16, 23, 71]
3952572	1	8366	Goldey-Beacom	http://stats.ncaa.org/team/index/12280?org_id=8366	[10, 11, 18, 15, 54]
3952586	0	1096	Georgia College	http://stats.ncaa.org/team/index/12280?org_id=1096	[8, 14, 15, 18, 55]
3952586	1	30193	Emmanuel (GA)	http://stats.ncaa.org/team/index/12280?org_id=30193	[16, 12, 19, 26, 73]
3952593	0	30124	Cedarville	http://stats.ncaa.org/team/index/12280?org_id=30124	[6, 12, 11, 18, 47]
3952593	1	309	UIndy	http://stats.ncaa.org/team/index/12280?org_id=309	[10, 17, 8, 9, 44]
3952596	0	594	Saint Augustine's	http://stats.ncaa.org/team/index/12280?org_id=594	[13, 12, 17, 26, 68]
3952596	1	15646	Barton	http://stats.ncaa.org/team/index/12280?org_id=15646	[20, 21, 25, 22, 88]
3952608	0	934	Alderson Broaddus	http://stats.ncaa.org/team/index/12280?org_id=934	[22, 11, 14, 15, 62]
3952608	1	1076	Fairmont St.	http://stats.ncaa.org/team/index/12280?org_id=1076	[16, 19, 22, 23, 80]
3952639	0	995	Caldwell	http://stats.ncaa.org/team/index/12280?org_id=995	[15, 23, 19, 19, 76]
3952639	1	1348	St. Thomas Aquinas	http://stats.ncaa.org/team/index/12280?org_id=1348	[29, 14, 16, 30, 89]
3952644	0	30136	Lindenwood (MO)	http://stats.ncaa.org/team/index/12280?org_id=30136	[14, 19, 15, 20, 68]
3952644	1	436	Mo.-St. Louis	http://stats.ncaa.org/team/index/12280?org_id=436	[14, 16, 18, 19, 67]
3952654	0	996	Cameron	http://stats.ncaa.org/team/index/12280?org_id=996	[4, 19, 14, 13, 50]
3952654	1	1071	Emporia St.	http://stats.ncaa.org/team/index/12280?org_id=1071	[18, 25, 19, 24, 86]
3952662	0		Midway		[14, 13, 4, 6, 37]
3952662	1	661	Southern Ind.	http://stats.ncaa.org/team/index/12280?org_id=661	[27, 18, 21, 15, 81]
3952674	0		Presentation		[17, 18, 22, 14, 71]
3952674	1	30125	Minot St.	http://stats.ncaa.org/team/index/12280?org_id=30125	[17, 32, 20, 21, 90]
3952719	0	555	Principia	http://stats.ncaa.org/team/index/12280?org_id=555	[7, 8, 15, 13, 43]
3952719	1	30050	Ill.-Springfield	http://stats.ncaa.org/team/index/12280?org_id=30050	[12, 19, 12, 15, 58]
3952759	0		Bacone		[11, 18, 12, 12, 53]
3952759	1	12810	Northeastern St.	http://stats.ncaa.org/team/index/12280?org_id=12810	[17, 14, 25, 12, 68]
3952762	0		Warner Pacific		[14, 10, 9, 15, 48]
3952762	1	1343	Saint Martin's	http://stats.ncaa.org/team/index/12280?org_id=1343	[22, 10, 13, 0, 45]
3952764	0	1376	Southern Ark.	http://stats.ncaa.org/team/index/12280?org_id=1376	[19, 15, 18, 24, 76]
3952764	1	199	Tex. A&M-Commerce	http://stats.ncaa.org/team/index/12280?org_id=199	[19, 19, 23, 13, 74]
3952779	0	30056	Notre Dame de Namur	http://stats.ncaa.org/team/index/12280?org_id=30056	[16, 14, 16, 17, 63]
3952779	1	628	San Fran. St.	http://stats.ncaa.org/team/index/12280?org_id=628	[18, 18, 21, 10, 67]
3952795	0		Arlington Baptist		[9, 14, 19, 25, 67]
3952795	1	25	Angelo St.	http://stats.ncaa.org/team/index/12280?org_id=25	[28, 38, 17, 25, 108]
3952808	0		Dakota St.		[16, 9, 12, 17, 54]
3952808	1	30128	Sioux Falls	http://stats.ncaa.org/team/index/12280?org_id=30128	[23, 31, 23, 18, 95]
3952815	0	8577	N.M. Highlands	http://stats.ncaa.org/team/index/12280?org_id=8577	[13, 17, 18, 15, 63]
3952815	1	24342	Okla. Panhandle	http://stats.ncaa.org/team/index/12280?org_id=24342	[24, 10, 6, 11, 51]
3952841	0	11	Alas. Anchorage	http://stats.ncaa.org/team/index/12280?org_id=11	[18, 19, 12, 13, 62]
3952841	1	2696	Hawaii Pacific	http://stats.ncaa.org/team/index/12280?org_id=2696	[10, 9, 14, 18, 51]
3952871	0	30137	Malone	http://stats.ncaa.org/team/index/12280?org_id=30137	[11, 20, 9, 23, 10, 73]
3952871	1	1013	Charleston (WV)	http://stats.ncaa.org/team/index/12280?org_id=1013	[19, 20, 19, 5, 11, 74]
3952888	0	30175	Holy Names	http://stats.ncaa.org/team/index/12280?org_id=30175	[4, 13, 14, 0, 31]
3952888	1	629	San Francisco	http://stats.ncaa.org/team/index/12280?org_id=629	[17, 13, 24, 23, 77]
3952890	0		Carver		[12, 8, 14, 18, 52]
3952890	1	680	Stillman	http://stats.ncaa.org/team/index/12280?org_id=680	[23, 12, 19, 19, 73]
3952893	0	30147	Fresno Pacific	http://stats.ncaa.org/team/index/12280?org_id=30147	[7, 10, 11, 5, 33]
3952893	1	96	Fresno St.	http://stats.ncaa.org/team/index/12280?org_id=96	[25, 17, 12, 24, 78]
3952920	0	280	Hillsdale	http://stats.ncaa.org/team/index/12280?org_id=280	[14, 12, 27, 24, 77]
3952920	1	204	Eastern Mich.	http://stats.ncaa.org/team/index/12280?org_id=204	[14, 27, 23, 30, 94]
3952974	0	30191	Spring Hill	http://stats.ncaa.org/team/index/12280?org_id=30191	[14, 15, 17, 3, 49]
3952974	1	646	South Ala.	http://stats.ncaa.org/team/index/12280?org_id=646	[22, 9, 21, 12, 64]
3952976	0	1057	Drury	http://stats.ncaa.org/team/index/12280?org_id=1057	[24, 26, 17, 17, 84]
3952976	1	2755	Southwest Baptist	http://stats.ncaa.org/team/index/12280?org_id=2755	[14, 16, 19, 20, 69]
3952998	0	1001	Catawba	http://stats.ncaa.org/team/index/12280?org_id=1001	[20, 24, 18, 24, 86]
3952998	1	15646	Barton	http://stats.ncaa.org/team/index/12280?org_id=15646	[11, 17, 25, 25, 78]
3953001	0	30193	Emmanuel (GA)	http://stats.ncaa.org/team/index/12280?org_id=30193	[18, 21, 15, 30, 84]
3953001	1	39	Augusta	http://stats.ncaa.org/team/index/12280?org_id=39	[15, 14, 16, 22, 67]
3953046	0	210	Elizabeth City St.	http://stats.ncaa.org/team/index/12280?org_id=210	[10, 8, 11, 15, 44]
3953046	1	55	Benedict	http://stats.ncaa.org/team/index/12280?org_id=55	[23, 20, 27, 12, 82]
3953050	0	237	Fort Valley St.	http://stats.ncaa.org/team/index/12280?org_id=237	[6, 9, 15, 23, 53]
3953050	1	1096	Georgia College	http://stats.ncaa.org/team/index/12280?org_id=1096	[11, 10, 10, 27, 58]
3953058	0	354	Lewis	http://stats.ncaa.org/team/index/12280?org_id=354	[29, 23, 22, 16, 90]
3953058	1	728	Upper Iowa	http://stats.ncaa.org/team/index/12280?org_id=728	[13, 18, 8, 18, 57]
3953076	0	323	Johnson C. Smith	http://stats.ncaa.org/team/index/12280?org_id=323	[19, 16, 19, 18, 72]
3953076	1	1001	Catawba	http://stats.ncaa.org/team/index/12280?org_id=1001	[12, 13, 13, 18, 56]
3953080	0	1438	West Liberty	http://stats.ncaa.org/team/index/12280?org_id=1438	[14, 18, 22, 15, 69]
3953080	1	30119	Ohio Dominican	http://stats.ncaa.org/team/index/12280?org_id=30119	[19, 13, 22, 19, 73]
3953081	0	408	Mercyhurst	http://stats.ncaa.org/team/index/12280?org_id=408	[10, 14, 23, 10, 57]
3953081	1	307	Indiana (PA)	http://stats.ncaa.org/team/index/12280?org_id=307	[15, 14, 22, 17, 68]
3953097	0	1085	Francis Marion	http://stats.ncaa.org/team/index/12280?org_id=1085	[22, 23, 19, 9, 73]
3953097	1	1072	Erskine	http://stats.ncaa.org/team/index/12280?org_id=1072	[17, 16, 17, 15, 65]
3953135	0	100	Cal St. L.A.	http://stats.ncaa.org/team/index/12280?org_id=100	[24, 12, 22, 13, 71]
3953135	1	30146	Azusa Pacific	http://stats.ncaa.org/team/index/12280?org_id=30146	[19, 27, 12, 18, 76]
3953145	0	8965	East Central	http://stats.ncaa.org/team/index/12280?org_id=8965	[14, 12, 18, 5, 49]
3953145	1	996	Cameron	http://stats.ncaa.org/team/index/12280?org_id=996	[15, 19, 15, 14, 63]
3953159	0		Arlington Baptist		[21, 12, 25, 20, 78]
3953159	1	30088	Tex. Permian Basin	http://stats.ncaa.org/team/index/12280?org_id=30088	[25, 34, 30, 16, 105]
3953180	0	49	Barry	http://stats.ncaa.org/team/index/12280?org_id=49	[14, 5, 17, 19, 55]
3953180	1	233	Fla. Southern	http://stats.ncaa.org/team/index/12280?org_id=233	[16, 12, 21, 22, 71]
3953181	0	20794	Lynn	http://stats.ncaa.org/team/index/12280?org_id=20794	[19, 12, 12, 15, 58]
3953181	1	24639	Nova Southeastern	http://stats.ncaa.org/team/index/12280?org_id=24639	[18, 17, 22, 10, 67]
3953182	0	8875	Chowan	http://stats.ncaa.org/team/index/12280?org_id=8875	[16, 15, 21, 20, 72]
3953182	1	10870	Shepherd	http://stats.ncaa.org/team/index/12280?org_id=10870	[15, 10, 17, 15, 57]
3953184	0	1170	Lenoir-Rhyne	http://stats.ncaa.org/team/index/12280?org_id=1170	[15, 12, 18, 18, 63]
3953184	1	2683	Belmont Abbey	http://stats.ncaa.org/team/index/12280?org_id=2683	[19, 18, 20, 9, 66]
3953186	0		Washington Adventist		[13, 10, 15, 18, 56]
3953186	1	174	Davis & Elkins	http://stats.ncaa.org/team/index/12280?org_id=174	[11, 14, 15, 14, 54]
3953189	0	1460	Wilmington (DE)	http://stats.ncaa.org/team/index/12280?org_id=1460	[15, 15, 25, 37, 92]
3953189	1	357	Lincoln (PA)	http://stats.ncaa.org/team/index/12280?org_id=357	[23, 16, 32, 25, 96]
3953195	0	383	Minn. St. Mankato	http://stats.ncaa.org/team/index/12280?org_id=383	[20, 8, 15, 15, 58]
3953195	1	9012	Mo. Southern St.	http://stats.ncaa.org/team/index/12280?org_id=9012	[21, 16, 13, 20, 70]
3953198	0	658	Southern Conn. St.	http://stats.ncaa.org/team/index/12280?org_id=658	[19, 15, 14, 20, 68]
3953198	1	3	Adelphi	http://stats.ncaa.org/team/index/12280?org_id=3	[21, 8, 19, 21, 69]
3953200	0	1318	Post	http://stats.ncaa.org/team/index/12280?org_id=1318	[7, 11, 8, 13, 39]
3953200	1	984	Bloomfield	http://stats.ncaa.org/team/index/12280?org_id=984	[15, 17, 20, 18, 70]
3953201	0	22	American Int'l	http://stats.ncaa.org/team/index/12280?org_id=22	[13, 24, 11, 19, 67]
3953201	1	1347	Saint Rose	http://stats.ncaa.org/team/index/12280?org_id=1347	[16, 7, 16, 13, 52]
3953202	0	638	Shippensburg	http://stats.ncaa.org/team/index/12280?org_id=638	[24, 23, 16, 13, 76]
3953202	1	197	East Stroudsburg	http://stats.ncaa.org/team/index/12280?org_id=197	[15, 10, 13, 18, 56]
3953204	0	19117	Salem Int'l	http://stats.ncaa.org/team/index/12280?org_id=19117	[14, 18, 8, 12, 52]
3953204	1	30063	Seton Hill	http://stats.ncaa.org/team/index/12280?org_id=30063	[21, 8, 17, 19, 65]
3953207	0	9223	North Greenville	http://stats.ncaa.org/team/index/12280?org_id=9223	[15, 18, 8, 22, 63]
3953207	1	30094	Brevard	http://stats.ncaa.org/team/index/12280?org_id=30094	[14, 13, 17, 8, 52]
3953211	0		Southeastern (FL)		[14, 20, 11, 28, 73]
3953211	1	30092	Flagler	http://stats.ncaa.org/team/index/12280?org_id=30092	[19, 12, 15, 19, 65]
3953215	0	470	New Haven	http://stats.ncaa.org/team/index/12280?org_id=470	[19, 13, 17, 32, 81]
3953215	1	349	Le Moyne	http://stats.ncaa.org/team/index/12280?org_id=349	[17, 17, 12, 17, 63]
3953224	0	1176	Lincoln Memorial	http://stats.ncaa.org/team/index/12280?org_id=1176	[19, 16, 16, 24, 75]
3953224	1	13302	Lees-McRae	http://stats.ncaa.org/team/index/12280?org_id=13302	[5, 17, 12, 20, 54]
3953230	0		Dickinson St.		[18, 35, 25, 20, 98]
3953230	1	30125	Minot St.	http://stats.ncaa.org/team/index/12280?org_id=30125	[13, 19, 14, 38, 84]
3953232	0	985	Bluefield St.	http://stats.ncaa.org/team/index/12280?org_id=985	[18, 5, 17, 9, 49]
3953232	1	1028	Concord	http://stats.ncaa.org/team/index/12280?org_id=1028	[14, 10, 24, 17, 65]
3953234	0	1000	Carson-Newman	http://stats.ncaa.org/team/index/12280?org_id=1000	[21, 17, 15, 22, 75]
3953234	1	30051	King (TN)	http://stats.ncaa.org/team/index/12280?org_id=30051	[23, 10, 19, 14, 66]
3953240	0	682	Stonehill	http://stats.ncaa.org/team/index/12280?org_id=682	[16, 15, 19, 22, 72]
3953240	1	36	Assumption	http://stats.ncaa.org/team/index/12280?org_id=36	[12, 18, 23, 32, 85]
3953255	0	561	Quincy	http://stats.ncaa.org/team/index/12280?org_id=561	[13, 10, 17, 18, 58]
3953255	1	507	Northwest Mo. St.	http://stats.ncaa.org/team/index/12280?org_id=507	[5, 6, 18, 15, 44]
3953267	0	30141	Walsh	http://stats.ncaa.org/team/index/12280?org_id=30141	[10, 8, 19, 16, 53]
3953267	1	12799	Wheeling Jesuit	http://stats.ncaa.org/team/index/12280?org_id=12799	[14, 18, 13, 19, 64]
3953299	0	1439	West Virginia St.	http://stats.ncaa.org/team/index/12280?org_id=1439	[7, 10, 14, 14, 45]
3953299	1	744	Virginia Union	http://stats.ncaa.org/team/index/12280?org_id=744	[21, 20, 22, 17, 80]
3953300	0		Johnson & Wales (NC)		[12, 8, 4, 9, 33]
3953300	1	11504	Queens (NC)	http://stats.ncaa.org/team/index/12280?org_id=11504	[15, 19, 16, 21, 71]
3953314	0	793	Wis.-Eau Claire	http://stats.ncaa.org/team/index/12280?org_id=793	[10, 15, 12, 7, 44]
3953314	1	790	Winona St.	http://stats.ncaa.org/team/index/12280?org_id=790	[23, 23, 11, 28, 85]
3953347	0	8935	Converse	http://stats.ncaa.org/team/index/12280?org_id=8935	[14, 12, 14, 12, 52]
3953347	1	244	Furman	http://stats.ncaa.org/team/index/12280?org_id=244	[30, 15, 27, 17, 89]
3953359	0		Our Lady Of The Lake		[10, 17, 19, 24, 70]
3953359	1	1395	Tarleton St.	http://stats.ncaa.org/team/index/12280?org_id=1395	[15, 16, 10, 16, 57]
3953361	0	106	California (PA)	http://stats.ncaa.org/team/index/12280?org_id=106	[16, 25, 14, 10, 65]
3953361	1	546	Pitt.-Johnstown	http://stats.ncaa.org/team/index/12280?org_id=546	[25, 9, 11, 18, 63]
3953362	0	30054	Newman	http://stats.ncaa.org/team/index/12280?org_id=30054	[7, 15, 13, 11, 46]
3953362	1	2814	Washburn	http://stats.ncaa.org/team/index/12280?org_id=2814	[14, 14, 12, 18, 58]
3953368	0		Texas Wesleyan		[10, 19, 15, 11, 55]
3953368	1	1222	Midwestern St.	http://stats.ncaa.org/team/index/12280?org_id=1222	[15, 11, 13, 18, 57]
3953371	0	696	Tex. A&M-Kingsville	http://stats.ncaa.org/team/index/12280?org_id=696	[22, 15, 15, 15, 67]
3953371	1	30090	Tex. A&M Int'l	http://stats.ncaa.org/team/index/12280?org_id=30090	[12, 19, 7, 28, 66]
3953378	0	643	Slippery Rock	http://stats.ncaa.org/team/index/12280?org_id=643	[10, 21, 14, 21, 66]
3953378	1	209	Edinboro	http://stats.ncaa.org/team/index/12280?org_id=209	[20, 21, 13, 29, 83]
3953381	0	1266	Northern St.	http://stats.ncaa.org/team/index/12280?org_id=1266	[14, 11, 14, 13, 52]
3953381	1	30134	Black Hills St.	http://stats.ncaa.org/team/index/12280?org_id=30134	[15, 14, 13, 7, 49]
3953414	0	636	Shaw	http://stats.ncaa.org/team/index/12280?org_id=636	[21, 12, 28, 24, 85]
3953414	1	535	Paine	http://stats.ncaa.org/team/index/12280?org_id=535	[20, 24, 17, 18, 79]
3953415	0	1085	Francis Marion	http://stats.ncaa.org/team/index/12280?org_id=1085	[17, 20, 13, 16, 66]
3953415	1	459	UNCG	http://stats.ncaa.org/team/index/12280?org_id=459	[15, 9, 22, 17, 63]
3953443	0	1433	Wayne St. (NE)	http://stats.ncaa.org/team/index/12280?org_id=1433	[22, 13, 11, 18, 64]
3953443	1	1328	Rockhurst	http://stats.ncaa.org/team/index/12280?org_id=1328	[14, 18, 15, 21, 68]
3953444	0	28594	USciences	http://stats.ncaa.org/team/index/12280?org_id=28594	[8, 7, 17, 10, 42]
3953444	1	543	Philadelphia U.	http://stats.ncaa.org/team/index/12280?org_id=543	[10, 10, 10, 16, 46]
3953453	0	30120	William Jewell	http://stats.ncaa.org/team/index/12280?org_id=30120	[15, 17, 19, 19, 70]
3953453	1	130	Central Mo.	http://stats.ncaa.org/team/index/12280?org_id=130	[23, 22, 16, 19, 80]
3953468	0	30138	McKendree	http://stats.ncaa.org/team/index/12280?org_id=30138	[17, 13, 11, 15, 56]
3953468	1	356	Lincoln (MO)	http://stats.ncaa.org/team/index/12280?org_id=356	[18, 13, 22, 24, 77]
3953487	0	162	Concordia (NY)	http://stats.ncaa.org/team/index/12280?org_id=162	[18, 26, 13, 12, 69]
3953487	1	8956	Dominican (NY)	http://stats.ncaa.org/team/index/12280?org_id=8956	[22, 18, 17, 17, 74]
3953508	0	12	Alas. Fairbanks	http://stats.ncaa.org/team/index/12280?org_id=12	[12, 18, 18, 23, 71]
3953508	1	2685	BYU-Hawaii	http://stats.ncaa.org/team/index/12280?org_id=2685	[15, 23, 15, 23, 76]
3953629	0	1009	Central Okla.	http://stats.ncaa.org/team/index/12280?org_id=1009	[13, 24, 12, 14, 63]
3953629	1	30179	Okla. Christian	http://stats.ncaa.org/team/index/12280?org_id=30179	[8, 18, 11, 14, 51]
3953630	0	613	Saint Michael's	http://stats.ncaa.org/team/index/12280?org_id=613	[18, 12, 13, 10, 53]
3953630	1	241	Franklin Pierce	http://stats.ncaa.org/team/index/12280?org_id=241	[13, 19, 19, 17, 68]
3953632	0	1199	Mars Hill	http://stats.ncaa.org/team/index/12280?org_id=1199	[11, 9, 17, 23, 60]
3953632	1	359	Livingstone	http://stats.ncaa.org/team/index/12280?org_id=359	[20, 7, 15, 23, 65]
3953633	0		Apprentice		[9, 11, 11, 23, 54]
3953633	1	743	Virginia St.	http://stats.ncaa.org/team/index/12280?org_id=743	[28, 14, 24, 15, 81]
3953635	0	767	West Tex. A&M	http://stats.ncaa.org/team/index/12280?org_id=767	[15, 17, 11, 23, 66]
3953635	1	1334	St. Edward's	http://stats.ncaa.org/team/index/12280?org_id=1334	[9, 22, 6, 15, 52]
3953641	0	56	Bentley	http://stats.ncaa.org/team/index/12280?org_id=56	[21, 19, 6, 22, 68]
3953641	1	410	Merrimack	http://stats.ncaa.org/team/index/12280?org_id=410	[13, 9, 19, 19, 60]
3953644	0	246	Gannon	http://stats.ncaa.org/team/index/12280?org_id=246	[16, 20, 13, 24, 73]
3953644	1	143	Clarion	http://stats.ncaa.org/team/index/12280?org_id=143	[14, 15, 14, 16, 59]
3953645	0		Cent. Christian Bib.		[6, 7, 6, 5, 24]
3953645	1	499	Truman	http://stats.ncaa.org/team/index/12280?org_id=499	[19, 29, 15, 11, 74]
3953646	0	360	Lock Haven	http://stats.ncaa.org/team/index/12280?org_id=360	[14, 12, 8, 18, 52]
3953646	1	765	West Chester	http://stats.ncaa.org/team/index/12280?org_id=765	[16, 19, 20, 19, 74]
3953647	0	135	Cheyney	http://stats.ncaa.org/team/index/12280?org_id=135	[12, 13, 14, 19, 58]
3953647	1	339	Kutztown	http://stats.ncaa.org/team/index/12280?org_id=339	[27, 20, 19, 18, 84]
3953648	0	1167	Lander	http://stats.ncaa.org/team/index/12280?org_id=1167	[18, 9, 33, 19, 79]
3953648	1	1072	Erskine	http://stats.ncaa.org/team/index/12280?org_id=1072	[22, 10, 10, 24, 66]
3953649	0		Southwest (NM)		[8, 6, 13, 5, 32]
3953649	1	1445	Western N.M.	http://stats.ncaa.org/team/index/12280?org_id=1445	[12, 13, 8, 18, 51]
3953656	0	350	LeMoyne-Owen	http://stats.ncaa.org/team/index/12280?org_id=350	[18, 22, 16, 15, 71]
3953656	1	1238	Montevallo	http://stats.ncaa.org/team/index/12280?org_id=1238	[8, 13, 13, 19, 53]
3953658	0	1462	Wingate	http://stats.ncaa.org/team/index/12280?org_id=1462	[17, 13, 13, 13, 56]
3953658	1	11276	S.C. Aiken	http://stats.ncaa.org/team/index/12280?org_id=11276	[8, 12, 19, 23, 62]
3953659	0	1257	Newberry	http://stats.ncaa.org/team/index/12280?org_id=1257	[18, 20, 13, 13, 64]
3953659	1	30058	Claflin	http://stats.ncaa.org/team/index/12280?org_id=30058	[14, 21, 9, 21, 65]
3953678	0	30181	UVa-Wise	http://stats.ncaa.org/team/index/12280?org_id=30181	[18, 14, 16, 18, 66]
3953678	1	791	Winston-Salem	http://stats.ncaa.org/team/index/12280?org_id=791	[13, 16, 11, 15, 55]
3953680	0	423	Millersville	http://stats.ncaa.org/team/index/12280?org_id=423	[14, 14, 21, 18, 67]
3953680	1	384	Mansfield	http://stats.ncaa.org/team/index/12280?org_id=384	[22, 21, 12, 17, 72]
3953694	0	30045	Palm Beach Atl.	http://stats.ncaa.org/team/index/12280?org_id=30045	[6, 13, 12, 15, 10, 56]
3953694	1	9680	Embry-Riddle (FL)	http://stats.ncaa.org/team/index/12280?org_id=9680	[12, 6, 18, 10, 16, 62]
3953737	0	223	Fayetteville St.	http://stats.ncaa.org/team/index/12280?org_id=223	[21, 11, 7, 17, 56]
3953737	1	537	UNC Pembroke	http://stats.ncaa.org/team/index/12280?org_id=537	[9, 17, 18, 19, 63]
3953757	0	347	Lane	http://stats.ncaa.org/team/index/12280?org_id=347	[16, 9, 12, 12, 49]
3953757	1		Philander Smith		[15, 17, 15, 18, 65]
3953758	0		Johnson & Wales (CO)		[13, 8, 15, 24, 60]
3953758	1	11403	Colo. Christian	http://stats.ncaa.org/team/index/12280?org_id=11403	[16, 25, 25, 19, 85]
3953761	0	1126	Holy Family	http://stats.ncaa.org/team/index/12280?org_id=1126	[17, 37, 17, 18, 89]
3953761	1	9004	Georgian Court	http://stats.ncaa.org/team/index/12280?org_id=9004	[16, 13, 16, 24, 69]
3953765	0	2759	Western St.	http://stats.ncaa.org/team/index/12280?org_id=2759	[13, 5, 8, 14, 40]
3953765	1	1104	Grand Canyon	http://stats.ncaa.org/team/index/12280?org_id=1104	[18, 23, 19, 17, 77]
3953809	0		Bacone		[12, 8, 18, 11, 49]
3953809	1	30180	Rogers St.	http://stats.ncaa.org/team/index/12280?org_id=30180	[16, 11, 19, 20, 66]
3953823	0	757	Wayne St. (MI)	http://stats.ncaa.org/team/index/12280?org_id=757	[17, 26, 27, 23, 93]
3953823	1	309	UIndy	http://stats.ncaa.org/team/index/12280?org_id=309	[15, 18, 19, 19, 71]
3953832	0	1376	Southern Ark.	http://stats.ncaa.org/team/index/12280?org_id=1376	[21, 6, 14, 22, 63]
3953832	1	8965	East Central	http://stats.ncaa.org/team/index/12280?org_id=8965	[18, 8, 11, 22, 59]
3953835	0	1116	Harding	http://stats.ncaa.org/team/index/12280?org_id=1116	[20, 12, 17, 15, 64]
3953835	1	30178	Northwestern Okla.	http://stats.ncaa.org/team/index/12280?org_id=30178	[10, 4, 18, 10, 42]
3953838	0	8411	Ark.-Monticello	http://stats.ncaa.org/team/index/12280?org_id=8411	[28, 8, 17, 14, 67]
3953838	1	1371	Southeastern Okla.	http://stats.ncaa.org/team/index/12280?org_id=1371	[15, 16, 17, 14, 62]
3953846	0	1156	Neb.-Kearney	http://stats.ncaa.org/team/index/12280?org_id=1156	[19, 23, 14, 18, 74]
3953846	1	8736	Southwest Minn. St.	http://stats.ncaa.org/team/index/12280?org_id=8736	[8, 10, 17, 15, 50]
3953851	0	383	Minn. St. Mankato	http://stats.ncaa.org/team/index/12280?org_id=383	[11, 14, 11, 16, 52]
3953851	1	9013	Mo. Western St.	http://stats.ncaa.org/team/index/12280?org_id=9013	[17, 25, 18, 29, 89]
3953855	0	30119	Ohio Dominican	http://stats.ncaa.org/team/index/12280?org_id=30119	[8, 17, 19, 12, 56]
3953855	1	604	St. Joseph's (IN)	http://stats.ncaa.org/team/index/12280?org_id=604	[9, 7, 19, 27, 62]
3953856	0		Kent St.-Tuscarawas		[13, 12, 5, 14, 44]
3953856	1	30137	Malone	http://stats.ncaa.org/team/index/12280?org_id=30137	[24, 21, 19, 16, 80]
3953879	0	1123	Henderson St.	http://stats.ncaa.org/team/index/12280?org_id=1123	[18, 18, 14, 20, 70]
3953879	1	30152	Southern Nazarene	http://stats.ncaa.org/team/index/12280?org_id=30152	[16, 16, 15, 14, 61]
3953920	0		York (NE)		[9, 13, 12, 14, 48]
3953920	1	1433	Wayne St. (NE)	http://stats.ncaa.org/team/index/12280?org_id=1433	[31, 23, 27, 31, 112]
3953931	0	230	Florida Tech	http://stats.ncaa.org/team/index/12280?org_id=230	[16, 12, 20, 20, 68]
3953931	1	689	Tampa	http://stats.ncaa.org/team/index/12280?org_id=689	[9, 16, 16, 19, 60]
3953948	0	1289	Ouachita Baptist	http://stats.ncaa.org/team/index/12280?org_id=1289	[14, 10, 17, 15, 56]
3953948	1	30202	Okla. Baptist	http://stats.ncaa.org/team/index/12280?org_id=30202	[26, 7, 20, 22, 75]
3953957	0		St. Gregory's		[13, 25, 15, 17, 70]
3953957	1	30105	Ark.-Fort Smith	http://stats.ncaa.org/team/index/12280?org_id=30105	[23, 22, 20, 33, 98]
3953958	0	30192	Southern Wesleyan	http://stats.ncaa.org/team/index/12280?org_id=30192	[6, 17, 17, 11, 51]
3953958	1	10411	USC Upstate	http://stats.ncaa.org/team/index/12280?org_id=10411	[19, 20, 20, 25, 84]
3953972	0	1274	Northwest Nazarene	http://stats.ncaa.org/team/index/12280?org_id=1274	[22, 14, 19, 14, 69]
3953972	1	30135	California Baptist	http://stats.ncaa.org/team/index/12280?org_id=30135	[22, 23, 25, 19, 89]
3954009	0		Morris		[12, 25, 13, 10, 60]
3954009	1	223	Fayetteville St.	http://stats.ncaa.org/team/index/12280?org_id=223	[7, 20, 20, 17, 64]
3954011	0		Mayville St.		[14, 22, 18, 17, 71]
3954011	1	1240	Minn. St. Moorhead	http://stats.ncaa.org/team/index/12280?org_id=1240	[15, 28, 27, 25, 95]
3954027	0		Southwestern Christ.		[7, 9, 21, 14, 51]
3954027	1	30179	Okla. Christian	http://stats.ncaa.org/team/index/12280?org_id=30179	[28, 17, 27, 16, 88]
3954069	0	11	Alas. Anchorage	http://stats.ncaa.org/team/index/12280?org_id=11	[20, 27, 21, 24, 92]
3954069	1	2697	Hawaii Hilo	http://stats.ncaa.org/team/index/12280?org_id=2697	[14, 11, 9, 5, 39]
3954097	0	12	Alas. Fairbanks	http://stats.ncaa.org/team/index/12280?org_id=12	[15, 15, 26, 26, 82]
3954097	1	133	Chaminade	http://stats.ncaa.org/team/index/12280?org_id=133	[14, 13, 13, 23, 63]
3954142	0	947	Arkansas Tech	http://stats.ncaa.org/team/index/12280?org_id=947	[29, 19, 21, 25, 94]
3954142	1	8744	Southwestern Okla.	http://stats.ncaa.org/team/index/12280?org_id=8744	[18, 21, 15, 19, 73]
3954144	0	15646	Barton	http://stats.ncaa.org/team/index/12280?org_id=15646	[14, 8, 21, 10, 20, 73]
3954144	1	1023	Coker	http://stats.ncaa.org/team/index/12280?org_id=1023	[18, 18, 12, 5, 11, 64]
3954156	0	995	Caldwell	http://stats.ncaa.org/team/index/12280?org_id=995	[9, 21, 17, 17, 64]
3954156	1	74	Bridgeport	http://stats.ncaa.org/team/index/12280?org_id=74	[14, 25, 16, 16, 71]
3954208	0		Ind.-Northwest		[10, 11, 14, 18, 53]
3954208	1	262	Grand Valley St.	http://stats.ncaa.org/team/index/12280?org_id=262	[28, 20, 28, 11, 87]
3954214	0	767	West Tex. A&M	http://stats.ncaa.org/team/index/12280?org_id=767	[19, 19, 14, 13, 65]
3954214	1	155	Colorado Mines	http://stats.ncaa.org/team/index/12280?org_id=155	[7, 10, 14, 11, 42]
3954220	0	468	Southern N.H.	http://stats.ncaa.org/team/index/12280?org_id=468	[17, 15, 18, 24, 74]
3954220	1	593	St. Anselm	http://stats.ncaa.org/team/index/12280?org_id=593	[19, 9, 17, 20, 65]
3954233	0	30105	Ark.-Fort Smith	http://stats.ncaa.org/team/index/12280?org_id=30105	[21, 20, 13, 22, 76]
3954233	1	155	Colorado Mines	http://stats.ncaa.org/team/index/12280?org_id=155	[15, 5, 14, 13, 47]
3954268	0	1403	Tiffin	http://stats.ncaa.org/team/index/12280?org_id=1403	[17, 24, 8, 20, 69]
3954268	1	30126	Notre Dame (OH)	http://stats.ncaa.org/team/index/12280?org_id=30126	[24, 27, 27, 14, 92]
3954280	0	1257	Newberry	http://stats.ncaa.org/team/index/12280?org_id=1257	[10, 15, 7, 9, 41]
3954280	1	1174	Limestone	http://stats.ncaa.org/team/index/12280?org_id=1174	[12, 18, 17, 9, 56]
3954362	0	30150	Roberts Wesleyan	http://stats.ncaa.org/team/index/12280?org_id=30150	[17, 18, 19, 18, 72]
3954362	1	1318	Post	http://stats.ncaa.org/team/index/12280?org_id=1318	[7, 5, 19, 27, 58]
3954435	0	159	Columbus St.	http://stats.ncaa.org/team/index/12280?org_id=159	[10, 19, 20, 16, 65]
3954435	1	30051	King (TN)	http://stats.ncaa.org/team/index/12280?org_id=30051	[8, 7, 21, 17, 53]
3954496	0	417	Michigan Tech	http://stats.ncaa.org/team/index/12280?org_id=417	[22, 25, 31, 7, 85]
3954496	1	27854	Minn.-Crookston	http://stats.ncaa.org/team/index/12280?org_id=27854	[15, 21, 12, 14, 62]
3954522	0	70	Bowie St.	http://stats.ncaa.org/team/index/12280?org_id=70	[13, 9, 15, 16, 53]
3954522	1	984	Bloomfield	http://stats.ncaa.org/team/index/12280?org_id=984	[17, 13, 14, 20, 64]
3954552	0	1266	Northern St.	http://stats.ncaa.org/team/index/12280?org_id=1266	[20, 17, 18, 20, 75]
3954552	1	413	MSU Denver	http://stats.ncaa.org/team/index/12280?org_id=413	[13, 12, 10, 18, 53]
3954634	0	436	Mo.-St. Louis	http://stats.ncaa.org/team/index/12280?org_id=436	[15, 15, 16, 12, 58]
3954634	1	728	Upper Iowa	http://stats.ncaa.org/team/index/12280?org_id=728	[15, 23, 18, 18, 74]
3954665	0		Fisk		[18, 14, 21, 15, 68]
3954665	1	332	Kentucky St.	http://stats.ncaa.org/team/index/12280?org_id=332	[18, 20, 23, 26, 87]
3954678	0	41	Augustana (SD)	http://stats.ncaa.org/team/index/12280?org_id=41	[19, 20, 21, 22, 82]
3954678	1	1012	Chadron St.	http://stats.ncaa.org/team/index/12280?org_id=1012	[7, 9, 17, 19, 52]
3954697	0	30088	Tex. Permian Basin	http://stats.ncaa.org/team/index/12280?org_id=30088	[13, 11, 11, 19, 54]
3954697	1	1083	Fort Lewis	http://stats.ncaa.org/team/index/12280?org_id=1083	[15, 13, 19, 22, 69]
3954732	0		Carroll (MT)		[20, 17, 13, 12, 62]
3954732	1	30200	Concordia Portland	http://stats.ncaa.org/team/index/12280?org_id=30200	[7, 9, 20, 16, 52]
3954734	0		St. Mary (KS)		[3, 8, 17, 10, 38]
3954734	1	435	Missouri S&T	http://stats.ncaa.org/team/index/12280?org_id=435	[19, 15, 21, 17, 72]
3954736	0	1448	Western Wash.	http://stats.ncaa.org/team/index/12280?org_id=1448	[18, 17, 12, 20, 67]
3954736	1	30146	Azusa Pacific	http://stats.ncaa.org/team/index/12280?org_id=30146	[21, 26, 24, 20, 91]
3954768	0	206	Eastern N.M.	http://stats.ncaa.org/team/index/12280?org_id=206	[15, 8, 21, 11, 55]
3954768	1	30177	Lubbock Christian	http://stats.ncaa.org/team/index/12280?org_id=30177	[27, 22, 23, 17, 89]
3954794	0	2682	P.R.-Bayamon	http://stats.ncaa.org/team/index/12280?org_id=2682	[16, 11, 25, 15, 67]
3954794	1	162	Concordia (NY)	http://stats.ncaa.org/team/index/12280?org_id=162	[26, 13, 17, 18, 74]
3954796	0		Jamestown		[22, 14, 16, 25, 14, 91]
3954796	1	9081	Concordia-St. Paul	http://stats.ncaa.org/team/index/12280?org_id=9081	[14, 26, 22, 15, 16, 93]
3954814	0	205	Mont. St. Billings	http://stats.ncaa.org/team/index/12280?org_id=205	[13, 13, 27, 15, 68]
3954814	1	91	Cal Poly Pomona	http://stats.ncaa.org/team/index/12280?org_id=91	[4, 13, 18, 16, 51]
3954824	0	350	LeMoyne-Owen	http://stats.ncaa.org/team/index/12280?org_id=350	[8, 10, 15, 16, 49]
3954824	1	591	Saginaw Valley	http://stats.ncaa.org/team/index/12280?org_id=591	[20, 23, 25, 17, 85]
3954836	0		Southeastern (FL)		[23, 9, 14, 15, 61]
3954836	1	237	Fort Valley St.	http://stats.ncaa.org/team/index/12280?org_id=237	[6, 12, 20, 11, 49]
3954841	0	598	St. Cloud St.	http://stats.ncaa.org/team/index/12280?org_id=598	[11, 11, 11, 11, 44]
3954841	1	9011	Fort Hays St.	http://stats.ncaa.org/team/index/12280?org_id=9011	[15, 10, 16, 11, 52]
3954842	0	98	Cal St. East Bay	http://stats.ncaa.org/team/index/12280?org_id=98	[19, 21, 11, 11, 62]
3954842	1	9754	UC-Colo. Springs	http://stats.ncaa.org/team/index/12280?org_id=9754	[17, 11, 19, 20, 67]
3954862	0	568	Regis (CO)	http://stats.ncaa.org/team/index/12280?org_id=568	[12, 12, 18, 15, 57]
3954862	1	1314	Pittsburg St.	http://stats.ncaa.org/team/index/12280?org_id=1314	[17, 19, 19, 21, 76]
3954889	0		Arizona Christian		[11, 23, 11, 18, 63]
3954889	1	2685	BYU-Hawaii	http://stats.ncaa.org/team/index/12280?org_id=2685	[16, 16, 22, 25, 79]
3954917	0	30002	Trevecca Nazarene	http://stats.ncaa.org/team/index/12280?org_id=30002	[7, 11, 15, 13, 46]
3954917	1	30052	North Georgia	http://stats.ncaa.org/team/index/12280?org_id=30052	[21, 15, 20, 15, 71]
3954935	0	12810	Northeastern St.	http://stats.ncaa.org/team/index/12280?org_id=12810	[17, 9, 17, 16, 59]
3954935	1	1371	Southeastern Okla.	http://stats.ncaa.org/team/index/12280?org_id=1371	[20, 4, 17, 17, 58]
3954987	0	658	Southern Conn. St.	http://stats.ncaa.org/team/index/12280?org_id=658	[20, 18, 19, 13, 70]
3954987	1	1318	Post	http://stats.ncaa.org/team/index/12280?org_id=1318	[10, 10, 21, 12, 53]
3954988	0	65	Bloomsburg	http://stats.ncaa.org/team/index/12280?org_id=65	[21, 12, 21, 28, 82]
3954988	1	30063	Seton Hill	http://stats.ncaa.org/team/index/12280?org_id=30063	[14, 23, 27, 15, 79]
3955011	0	197	East Stroudsburg	http://stats.ncaa.org/team/index/12280?org_id=197	[12, 12, 24, 18, 66]
3955011	1	307	Indiana (PA)	http://stats.ncaa.org/team/index/12280?org_id=307	[19, 24, 25, 20, 88]
3955012	0	437	Molloy	http://stats.ncaa.org/team/index/12280?org_id=437	[14, 14, 15, 10, 53]
3955012	1	410	Merrimack	http://stats.ncaa.org/team/index/12280?org_id=410	[8, 15, 13, 19, 55]
3955015	0	423	Millersville	http://stats.ncaa.org/team/index/12280?org_id=423	[10, 15, 15, 18, 58]
3955015	1	246	Gannon	http://stats.ncaa.org/team/index/12280?org_id=246	[17, 21, 15, 15, 68]
3955027	0	1023	Coker	http://stats.ncaa.org/team/index/12280?org_id=1023	[10, 12, 12, 17, 51]
3955027	1	537	UNC Pembroke	http://stats.ncaa.org/team/index/12280?org_id=537	[18, 12, 18, 15, 63]
3955030	0	765	West Chester	http://stats.ncaa.org/team/index/12280?org_id=765	[18, 17, 15, 14, 64]
3955030	1	546	Pitt.-Johnstown	http://stats.ncaa.org/team/index/12280?org_id=546	[24, 21, 12, 12, 69]
3955037	0	638	Shippensburg	http://stats.ncaa.org/team/index/12280?org_id=638	[19, 15, 16, 15, 65]
3955037	1	408	Mercyhurst	http://stats.ncaa.org/team/index/12280?org_id=408	[16, 15, 17, 19, 67]
3955044	0	339	Kutztown	http://stats.ncaa.org/team/index/12280?org_id=339	[18, 13, 14, 20, 65]
3955044	1	209	Edinboro	http://stats.ncaa.org/team/index/12280?org_id=209	[12, 15, 19, 17, 63]
3955049	0	3	Adelphi	http://stats.ncaa.org/team/index/12280?org_id=3	[7, 13, 12, 8, 40]
3955049	1	22	American Int'l	http://stats.ncaa.org/team/index/12280?org_id=22	[16, 23, 13, 19, 71]
3955050	0	135	Cheyney	http://stats.ncaa.org/team/index/12280?org_id=135	[17, 20, 12, 16, 65]
3955050	1	143	Clarion	http://stats.ncaa.org/team/index/12280?org_id=143	[20, 12, 24, 15, 71]
3955061	0	309	UIndy	http://stats.ncaa.org/team/index/12280?org_id=309	[18, 15, 14, 13, 60]
3955061	1	510	Northwood (MI)	http://stats.ncaa.org/team/index/12280?org_id=510	[16, 17, 17, 19, 69]
3955063	0	19117	Salem Int'l	http://stats.ncaa.org/team/index/12280?org_id=19117	[14, 15, 6, 13, 48]
3955063	1	1079	Findlay	http://stats.ncaa.org/team/index/12280?org_id=1079	[27, 29, 17, 12, 85]
3955085	0	1347	Saint Rose	http://stats.ncaa.org/team/index/12280?org_id=1347	[10, 15, 17, 21, 63]
3955085	1	470	New Haven	http://stats.ncaa.org/team/index/12280?org_id=470	[9, 14, 15, 15, 53]
3955102	0	13302	Lees-McRae	http://stats.ncaa.org/team/index/12280?org_id=13302	[10, 9, 9, 8, 36]
3955102	1	30154	Young Harris	http://stats.ncaa.org/team/index/12280?org_id=30154	[10, 20, 14, 9, 53]
3955114	0	1438	West Liberty	http://stats.ncaa.org/team/index/12280?org_id=1438	[24, 21, 16, 16, 77]
3955114	1	30126	Notre Dame (OH)	http://stats.ncaa.org/team/index/12280?org_id=30126	[10, 18, 22, 18, 68]
3955128	0	362	LIU Post	http://stats.ncaa.org/team/index/12280?org_id=362	[19, 8, 6, 28, 61]
3955128	1	1126	Holy Family	http://stats.ncaa.org/team/index/12280?org_id=1126	[9, 21, 10, 24, 64]
3955133	0	594	Saint Augustine's	http://stats.ncaa.org/team/index/12280?org_id=594	[11, 18, 8, 25, 62]
3955133	1	1167	Lander	http://stats.ncaa.org/team/index/12280?org_id=1167	[33, 24, 31, 19, 107]
3955134	0	947	Arkansas Tech	http://stats.ncaa.org/team/index/12280?org_id=947	[24, 28, 27, 26, 105]
3955134	1	30178	Northwestern Okla.	http://stats.ncaa.org/team/index/12280?org_id=30178	[20, 14, 18, 12, 64]
3955143	0	9012	Mo. Southern St.	http://stats.ncaa.org/team/index/12280?org_id=9012	[12, 9, 16, 21, 58]
3955143	1	499	Truman	http://stats.ncaa.org/team/index/12280?org_id=499	[14, 6, 12, 17, 49]
3955145	0	8411	Ark.-Monticello	http://stats.ncaa.org/team/index/12280?org_id=8411	[9, 14, 21, 12, 56]
3955145	1	8965	East Central	http://stats.ncaa.org/team/index/12280?org_id=8965	[16, 14, 14, 22, 66]
3955151	0	1376	Southern Ark.	http://stats.ncaa.org/team/index/12280?org_id=1376	[12, 14, 19, 22, 67]
3955151	1	1371	Southeastern Okla.	http://stats.ncaa.org/team/index/12280?org_id=1371	[22, 16, 15, 11, 64]
3955165	0	1028	Concord	http://stats.ncaa.org/team/index/12280?org_id=1028	[18, 6, 25, 17, 66]
3955165	1	1439	West Virginia St.	http://stats.ncaa.org/team/index/12280?org_id=1439	[11, 17, 17, 15, 60]
3955169	0	1116	Harding	http://stats.ncaa.org/team/index/12280?org_id=1116	[25, 18, 20, 22, 85]
3955169	1	8744	Southwestern Okla.	http://stats.ncaa.org/team/index/12280?org_id=8744	[18, 16, 15, 25, 74]
3955178	0	1013	Charleston (WV)	http://stats.ncaa.org/team/index/12280?org_id=1013	[18, 14, 14, 14, 60]
3955178	1	30181	UVa-Wise	http://stats.ncaa.org/team/index/12280?org_id=30181	[15, 16, 16, 21, 68]
3955182	0	233	Fla. Southern	http://stats.ncaa.org/team/index/12280?org_id=233	[20, 20, 21, 16, 77]
3955182	1	20794	Lynn	http://stats.ncaa.org/team/index/12280?org_id=20794	[16, 10, 15, 20, 61]
3955198	0	10870	Shepherd	http://stats.ncaa.org/team/index/12280?org_id=10870	[16, 20, 23, 23, 82]
3955198	1	1098	Glenville St.	http://stats.ncaa.org/team/index/12280?org_id=1098	[34, 25, 24, 25, 108]
3955199	0	1123	Henderson St.	http://stats.ncaa.org/team/index/12280?org_id=1123	[18, 13, 23, 23, 77]
3955199	1	30202	Okla. Baptist	http://stats.ncaa.org/team/index/12280?org_id=30202	[12, 26, 19, 17, 74]
3955204	0	1289	Ouachita Baptist	http://stats.ncaa.org/team/index/12280?org_id=1289	[18, 16, 19, 9, 62]
3955204	1	30152	Southern Nazarene	http://stats.ncaa.org/team/index/12280?org_id=30152	[22, 23, 14, 16, 75]
3955214	0	241	Franklin Pierce	http://stats.ncaa.org/team/index/12280?org_id=241	[14, 4, 14, 7, 39]
3955214	1	56	Bentley	http://stats.ncaa.org/team/index/12280?org_id=56	[11, 22, 17, 10, 60]
3955226	0	477	NYIT	http://stats.ncaa.org/team/index/12280?org_id=477	[13, 23, 27, 25, 88]
3955226	1	8366	Goldey-Beacom	http://stats.ncaa.org/team/index/12280?org_id=8366	[24, 17, 15, 23, 79]
3955241	0	30105	Ark.-Fort Smith	http://stats.ncaa.org/team/index/12280?org_id=30105	[9, 15, 24, 19, 67]
3955241	1	12810	Northeastern St.	http://stats.ncaa.org/team/index/12280?org_id=12810	[14, 9, 9, 16, 48]
3955242	0	542	Pfeiffer	http://stats.ncaa.org/team/index/12280?org_id=542	[8, 8, 14, 18, 48]
3955242	1	1085	Francis Marion	http://stats.ncaa.org/team/index/12280?org_id=1085	[12, 15, 14, 19, 60]
3955250	0	30104	Urbana	http://stats.ncaa.org/team/index/12280?org_id=30104	[12, 17, 17, 15, 61]
3955250	1	12799	Wheeling Jesuit	http://stats.ncaa.org/team/index/12280?org_id=12799	[20, 24, 23, 21, 88]
3955280	0	30174	Daemen	http://stats.ncaa.org/team/index/12280?org_id=30174	[19, 18, 19, 13, 69]
3955280	1	2746	Lake Erie	http://stats.ncaa.org/team/index/12280?org_id=2746	[17, 15, 21, 12, 65]
3955300	0	1445	Western N.M.	http://stats.ncaa.org/team/index/12280?org_id=1445	[11, 9, 14, 13, 47]
3955300	1	25	Angelo St.	http://stats.ncaa.org/team/index/12280?org_id=25	[27, 23, 27, 8, 85]
3955302	0		Huston-Tillotson		[5, 21, 23, 20, 69]
3955302	1	1334	St. Edward's	http://stats.ncaa.org/team/index/12280?org_id=1334	[20, 17, 20, 21, 78]
3955319	0	1346	St. Mary's (TX)	http://stats.ncaa.org/team/index/12280?org_id=1346	[19, 22, 18, 16, 75]
3955319	1	696	Tex. A&M-Kingsville	http://stats.ncaa.org/team/index/12280?org_id=696	[14, 12, 16, 14, 56]
3955321	0	507	Northwest Mo. St.	http://stats.ncaa.org/team/index/12280?org_id=507	[13, 12, 12, 12, 49]
3955321	1	1328	Rockhurst	http://stats.ncaa.org/team/index/12280?org_id=1328	[27, 7, 11, 19, 64]
3955330	0	356	Lincoln (MO)	http://stats.ncaa.org/team/index/12280?org_id=356	[11, 12, 22, 24, 69]
3955330	1	30050	Ill.-Springfield	http://stats.ncaa.org/team/index/12280?org_id=30050	[21, 17, 7, 35, 80]
3955333	0	9630	West Va. Wesleyan	http://stats.ncaa.org/team/index/12280?org_id=9630	[17, 18, 19, 15, 69]
3955333	1	1076	Fairmont St.	http://stats.ncaa.org/team/index/12280?org_id=1076	[26, 17, 17, 19, 79]
3955336	0	8577	N.M. Highlands	http://stats.ncaa.org/team/index/12280?org_id=8577	[8, 13, 20, 14, 55]
3955336	1	767	West Tex. A&M	http://stats.ncaa.org/team/index/12280?org_id=767	[20, 20, 10, 17, 67]
3955375	0	30179	Okla. Christian	http://stats.ncaa.org/team/index/12280?org_id=30179	[7, 16, 15, 24, 62]
3955375	1	996	Cameron	http://stats.ncaa.org/team/index/12280?org_id=996	[27, 13, 13, 15, 68]
3955383	0	1170	Lenoir-Rhyne	http://stats.ncaa.org/team/index/12280?org_id=1170	[17, 16, 16, 14, 63]
3955383	1	8935	Converse	http://stats.ncaa.org/team/index/12280?org_id=8935	[13, 15, 17, 12, 57]
3955403	0	1348	St. Thomas Aquinas	http://stats.ncaa.org/team/index/12280?org_id=1348	[14, 12, 19, 24, 69]
3955403	1	23157	Felician	http://stats.ncaa.org/team/index/12280?org_id=23157	[8, 17, 12, 14, 51]
3955409	0	593	St. Anselm	http://stats.ncaa.org/team/index/12280?org_id=593	[15, 16, 15, 19, 65]
3955409	1	682	Stonehill	http://stats.ncaa.org/team/index/12280?org_id=682	[14, 9, 16, 19, 58]
3955488	0		Southeastern (FL)		[20, 11, 18, 17, 66]
3955488	1	1097	Ga. Southwestern	http://stats.ncaa.org/team/index/12280?org_id=1097	[20, 20, 21, 22, 83]
3955489	0	2755	Southwest Baptist	http://stats.ncaa.org/team/index/12280?org_id=2755	[10, 15, 6, 20, 51]
3955489	1	30138	McKendree	http://stats.ncaa.org/team/index/12280?org_id=30138	[10, 14, 18, 6, 48]
3955494	0	934	Alderson Broaddus	http://stats.ncaa.org/team/index/12280?org_id=934	[9, 11, 10, 20, 50]
3955494	1	799	Wis.-Parkside	http://stats.ncaa.org/team/index/12280?org_id=799	[18, 12, 23, 19, 72]
3955495	0	1403	Tiffin	http://stats.ncaa.org/team/index/12280?org_id=1403	[36, 17, 10, 16, 79]
3955495	1	30124	Cedarville	http://stats.ncaa.org/team/index/12280?org_id=30124	[18, 20, 13, 17, 68]
3955503	0	407	Mercy	http://stats.ncaa.org/team/index/12280?org_id=407	[11, 12, 16, 15, 54]
3955503	1	8956	Dominican (NY)	http://stats.ncaa.org/team/index/12280?org_id=8956	[25, 12, 21, 17, 75]
3955527	0		West Va. Tech		[16, 20, 27, 30, 93]
3955527	1	985	Bluefield St.	http://stats.ncaa.org/team/index/12280?org_id=985	[11, 14, 16, 22, 63]
3955535	0	1001	Catawba	http://stats.ncaa.org/team/index/12280?org_id=1001	[14, 18, 6, 23, 61]
3955535	1	30052	North Georgia	http://stats.ncaa.org/team/index/12280?org_id=30052	[20, 11, 11, 30, 72]
3955543	0	1314	Pittsburg St.	http://stats.ncaa.org/team/index/12280?org_id=1314	[20, 24, 29, 14, 87]
3955543	1	598	St. Cloud St.	http://stats.ncaa.org/team/index/12280?org_id=598	[12, 11, 15, 10, 48]
3955593	0	95	Chico St.	http://stats.ncaa.org/team/index/12280?org_id=95	[24, 11, 13, 17, 65]
3955593	1	1446	Western Ore.	http://stats.ncaa.org/team/index/12280?org_id=1446	[9, 12, 14, 19, 54]
3955596	0	661	Southern Ind.	http://stats.ncaa.org/team/index/12280?org_id=661	[13, 21, 14, 16, 64]
3955596	1	35	Ashland	http://stats.ncaa.org/team/index/12280?org_id=35	[24, 23, 25, 20, 92]
3955607	0	30123	Academy of Art	http://stats.ncaa.org/team/index/12280?org_id=30123	[10, 17, 21, 28, 76]
3955607	1	1010	Central Wash.	http://stats.ncaa.org/team/index/12280?org_id=1010	[25, 9, 16, 18, 68]
3955624	0	2683	Belmont Abbey	http://stats.ncaa.org/team/index/12280?org_id=2683	[11, 10, 16, 16, 53]
3955624	1	636	Shaw	http://stats.ncaa.org/team/index/12280?org_id=636	[27, 24, 34, 29, 114]
3955625	0	291	Humboldt St.	http://stats.ncaa.org/team/index/12280?org_id=291	[12, 19, 20, 16, 67]
3955625	1	30135	California Baptist	http://stats.ncaa.org/team/index/12280?org_id=30135	[32, 15, 21, 23, 91]
3955634	0	11504	Queens (NC)	http://stats.ncaa.org/team/index/12280?org_id=11504	[10, 8, 17, 24, 59]
3955634	1	11276	S.C. Aiken	http://stats.ncaa.org/team/index/12280?org_id=11276	[15, 14, 20, 15, 64]
3955642	0	689	Tampa	http://stats.ncaa.org/team/index/12280?org_id=689	[12, 4, 30, 18, 64]
3955642	1	584	Rollins	http://stats.ncaa.org/team/index/12280?org_id=584	[11, 22, 18, 17, 68]
3955658	0	30095	Dixie St.	http://stats.ncaa.org/team/index/12280?org_id=30095	[16, 15, 19, 13, 63]
3955658	1	30024	Utah Valley	http://stats.ncaa.org/team/index/12280?org_id=30024	[14, 14, 30, 19, 77]
3955662	0		Viterbo		[9, 4, 11, 9, 33]
3955662	1	790	Winona St.	http://stats.ncaa.org/team/index/12280?org_id=790	[27, 24, 22, 16, 89]
3955693	0	333	Ky. Wesleyan	http://stats.ncaa.org/team/index/12280?org_id=333	[11, 23, 12, 13, 59]
3955693	1	332	Kentucky St.	http://stats.ncaa.org/team/index/12280?org_id=332	[19, 22, 18, 20, 79]
3955694	0	1096	Georgia College	http://stats.ncaa.org/team/index/12280?org_id=1096	[22, 20, 23, 17, 82]
3955694	1	30002	Trevecca Nazarene	http://stats.ncaa.org/team/index/12280?org_id=30002	[9, 11, 24, 12, 56]
3955696	0	11403	Colo. Christian	http://stats.ncaa.org/team/index/12280?org_id=11403	[25, 8, 12, 12, 57]
3955696	1	701	Texas Woman's	http://stats.ncaa.org/team/index/12280?org_id=701	[8, 12, 14, 16, 50]
3955702	0	30150	Roberts Wesleyan	http://stats.ncaa.org/team/index/12280?org_id=30150	[21, 21, 20, 26, 88]
3955702	1	9004	Georgian Court	http://stats.ncaa.org/team/index/12280?org_id=9004	[6, 20, 18, 23, 67]
3955706	0	591	Saginaw Valley	http://stats.ncaa.org/team/index/12280?org_id=591	[19, 14, 18, 10, 61]
3955706	1	435	Missouri S&T	http://stats.ncaa.org/team/index/12280?org_id=435	[10, 11, 13, 13, 47]
3955715	0	1174	Limestone	http://stats.ncaa.org/team/index/12280?org_id=1174	[14, 20, 16, 12, 62]
3955715	1	1199	Mars Hill	http://stats.ncaa.org/team/index/12280?org_id=1199	[14, 11, 22, 8, 55]
3955724	0	568	Regis (CO)	http://stats.ncaa.org/team/index/12280?org_id=568	[8, 13, 16, 18, 55]
3955724	1	9011	Fort Hays St.	http://stats.ncaa.org/team/index/12280?org_id=9011	[15, 17, 13, 14, 59]
3955730	0	8490	LeTourneau	http://stats.ncaa.org/team/index/12280?org_id=8490	[20, 15, 18, 17, 70]
3955730	1	199	Tex. A&M-Commerce	http://stats.ncaa.org/team/index/12280?org_id=199	[26, 24, 26, 25, 101]
3955736	0	2682	P.R.-Bayamon	http://stats.ncaa.org/team/index/12280?org_id=2682	[16, 17, 17, 25, 75]
3955736	1	1277	Nyack	http://stats.ncaa.org/team/index/12280?org_id=1277	[13, 16, 11, 20, 60]
3955737	0	535	Paine	http://stats.ncaa.org/team/index/12280?org_id=535	[14, 23, 15, 16, 68]
3955737	1	39	Augusta	http://stats.ncaa.org/team/index/12280?org_id=39	[22, 20, 26, 15, 83]
3955806	0	13028	Anderson (SC)	http://stats.ncaa.org/team/index/12280?org_id=13028	[16, 21, 25, 19, 81]
3955806	1	1072	Erskine	http://stats.ncaa.org/team/index/12280?org_id=1072	[22, 12, 19, 16, 69]
3955811	0		Texas Wesleyan		[14, 14, 16, 10, 54]
3955811	1	1395	Tarleton St.	http://stats.ncaa.org/team/index/12280?org_id=1395	[19, 11, 15, 21, 66]
3955848	0	2814	Washburn	http://stats.ncaa.org/team/index/12280?org_id=2814	[10, 14, 11, 11, 46]
3955848	1	1057	Drury	http://stats.ncaa.org/team/index/12280?org_id=1057	[13, 18, 22, 13, 66]
3955872	0		Menlo		[9, 18, 19, 15, 61]
3955872	1	645	Sonoma St.	http://stats.ncaa.org/team/index/12280?org_id=645	[14, 15, 27, 19, 75]
3955944	0	1156	Neb.-Kearney	http://stats.ncaa.org/team/index/12280?org_id=1156	[9, 17, 22, 18, 66]
3955944	1	1012	Chadron St.	http://stats.ncaa.org/team/index/12280?org_id=1012	[14, 13, 16, 16, 59]
3955971	0	506	Northern Mich.	http://stats.ncaa.org/team/index/12280?org_id=506	[9, 11, 18, 22, 60]
3955971	1	427	Minn. Duluth	http://stats.ncaa.org/team/index/12280?org_id=427	[13, 6, 19, 17, 55]
3955980	0		Washington Adventist		[11, 18, 15, 20, 64]
3955980	1	210	Elizabeth City St.	http://stats.ncaa.org/team/index/12280?org_id=210	[10, 14, 18, 18, 60]
3955994	0	417	Michigan Tech	http://stats.ncaa.org/team/index/12280?org_id=417	[22, 20, 19, 16, 77]
3955994	1	9081	Concordia-St. Paul	http://stats.ncaa.org/team/index/12280?org_id=9081	[16, 15, 28, 27, 86]
3956035	0	349	Le Moyne	http://stats.ncaa.org/team/index/12280?org_id=349	[14, 18, 14, 9, 55]
3956035	1	533	Pace	http://stats.ncaa.org/team/index/12280?org_id=533	[11, 18, 13, 18, 60]
3956039	0	98	Cal St. East Bay	http://stats.ncaa.org/team/index/12280?org_id=98	[19, 24, 12, 14, 11, 80]
3956039	1	413	MSU Denver	http://stats.ncaa.org/team/index/12280?org_id=413	[15, 11, 18, 25, 16, 85]
3956063	0	30118	Dominican (CA)	http://stats.ncaa.org/team/index/12280?org_id=30118	[15, 28, 15, 14, 72]
3956063	1	628	San Fran. St.	http://stats.ncaa.org/team/index/12280?org_id=628	[18, 15, 11, 18, 62]
3956066	0	174	Davis & Elkins	http://stats.ncaa.org/team/index/12280?org_id=174	[13, 13, 17, 9, 52]
3956066	1	354	Lewis	http://stats.ncaa.org/team/index/12280?org_id=354	[22, 18, 22, 18, 80]
3956074	0	30140	Ursuline	http://stats.ncaa.org/team/index/12280?org_id=30140	[16, 13, 19, 21, 69]
3956074	1	604	St. Joseph's (IN)	http://stats.ncaa.org/team/index/12280?org_id=604	[21, 8, 8, 13, 50]
3956075	0	384	Mansfield	http://stats.ncaa.org/team/index/12280?org_id=384	[13, 12, 17, 20, 62]
3956075	1	643	Slippery Rock	http://stats.ncaa.org/team/index/12280?org_id=643	[18, 20, 22, 27, 87]
3956090	0	112	UC San Diego	http://stats.ncaa.org/team/index/12280?org_id=112	[20, 16, 23, 20, 79]
3956090	1	1448	Western Wash.	http://stats.ncaa.org/team/index/12280?org_id=1448	[11, 22, 9, 14, 56]
3956092	0	24639	Nova Southeastern	http://stats.ncaa.org/team/index/12280?org_id=24639	[16, 12, 15, 19, 13, 10, 85]
3956092	1	608	Saint Leo	http://stats.ncaa.org/team/index/12280?org_id=608	[17, 15, 16, 14, 13, 7, 82]
3956096	0	1222	Midwestern St.	http://stats.ncaa.org/team/index/12280?org_id=1222	[8, 5, 9, 14, 36]
3956096	1	2720	Colorado St.-Pueblo	http://stats.ncaa.org/team/index/12280?org_id=2720	[12, 16, 16, 16, 60]
3956097	0	1278	Oakland City	http://stats.ncaa.org/team/index/12280?org_id=1278	[19, 23, 18, 20, 80]
3956097	1		Ohio St. Lima		[12, 16, 19, 18, 65]
3956099	0	21323	Chestnut Hill	http://stats.ncaa.org/team/index/12280?org_id=21323	[24, 14, 25, 20, 83]
3956099	1	2692	Dowling	http://stats.ncaa.org/team/index/12280?org_id=2692	[22, 12, 8, 8, 50]
3956106	0	30094	Brevard	http://stats.ncaa.org/team/index/12280?org_id=30094	[12, 12, 13, 9, 46]
3956106	1	198	ETSU	http://stats.ncaa.org/team/index/12280?org_id=198	[19, 16, 25, 9, 69]
3956109	0	30125	Minot St.	http://stats.ncaa.org/team/index/12280?org_id=30125	[12, 13, 22, 20, 67]
3956109	1	345	Lake Superior St.	http://stats.ncaa.org/team/index/12280?org_id=345	[9, 16, 10, 11, 46]
3956114	0	1083	Fort Lewis	http://stats.ncaa.org/team/index/12280?org_id=1083	[13, 12, 23, 21, 7, 76]
3956114	1	30177	Lubbock Christian	http://stats.ncaa.org/team/index/12280?org_id=30177	[14, 18, 22, 15, 13, 82]
3956135	0	206	Eastern N.M.	http://stats.ncaa.org/team/index/12280?org_id=206	[19, 17, 17, 16, 69]
3956135	1	30088	Tex. Permian Basin	http://stats.ncaa.org/team/index/12280?org_id=30088	[13, 10, 24, 18, 65]
3956139	0	9680	Embry-Riddle (FL)	http://stats.ncaa.org/team/index/12280?org_id=9680	[18, 16, 18, 13, 65]
3956139	1	230	Florida Tech	http://stats.ncaa.org/team/index/12280?org_id=230	[28, 17, 20, 10, 75]
3956185	0	634	Seattle Pacific	http://stats.ncaa.org/team/index/12280?org_id=634	[7, 11, 16, 22, 56]
3956185	1	30146	Azusa Pacific	http://stats.ncaa.org/team/index/12280?org_id=30146	[17, 19, 13, 21, 70]
